source.file,sample.id,sample.weight,n.prop,n15,c.prop,c13,indiv.id,pack,sex,sample.date,sample.dateN,birth.date,indiv.age,age.accurate,
cs031816_rlc.xlsx,WSK914_24M001,1.5467,16.42222968,9.430738283,43.25652329,-18.4986463,24M001,24,M,28/04/2015,42122,42096,26,0,
cs031816_rlc.xlsx,WSK915_24M002,1.746,16.23818273,9.723055428,42.93324091,-19.11300625,24M002,24,M,28/04/2015,42122,42096,26,0,
cs031816_rlc.xlsx,WSK1052_24M002,1.3322,16.57391043,10.48343764,44.23050489,-18.85389195,24M002,24,M,27/08/2015,42243,42096,147,0,
cs031816_rlc.xlsx,WSK1047_24M003,0.9092,16.783862,10.64290536,45.26901675,-18.37560103,24M003,24,M,27/08/2015,42243,42096,147,0,
cs031816_rlc.xlsx,WSK1108_24M004,1.5618,14.75716344,10.61682961,39.40360124,-18.36265085,24M004,24,M,27/08/2015,42243,42096,147,0,
cs031816_rlc.xlsx,WSK1053_24M005,0.9261,16.71642698,10.77105014,44.94609635,-19.01809594,24M005,24,M,27/08/2015,42243,42096,147,0,
hm022615qc,WSK019/BF473,0.597,17.69314474,10.30477562,46.68756747,-17.128242,BF473,1B,F,19/09/2013,41536,40200,1336,1,
hm022415qc,WSK138/BF473,0.33,17.1274305,10.99774335,46.99412271,-17.6705129,BF473,1B,F,15/11/2013,41593,40200,1393,1,
cs021216rlc.xlsx,WSK331_BF473,0.8244,16.62868434,9.865476205,44.5736995,-17.16870243,BF473,1B,F,03/07/2014,41823,40200,1623,1,
hm022615qc,WSK021/BF484,0.325,17.96430253,9.790210986,46.19806347,-16.72782928,BF484,1B,F,19/09/2013,41536,40305,1231,1,
hm022415qc,WSK145/BF484,0.766,18.21209912,10.25997637,47.76556256,-17.27828618,BF484,1B,F,15/11/2013,41593,40305,1288,1,
cs021216rlc.xlsx,WSK332_BF484,1.2948,16.26568519,9.637310692,42.40805989,-16.20535067,BF484,1B,F,03/07/2014,41823,40305,1518,1,
cs021216rlc.xlsx,WSK411_BF484,1.1563,17.04684347,9.277433263,43.97629459,-16.24866712,BF484,1B,F,03/09/2014,41885,40305,1580,1,
CS031716_rlc.xlsx,WSK840_BF484,1.1685,17.42508163,9.420255353,44.54296401,-16.09727309,BF484,1B,F,16/01/2015,42020,40305,1715,1,
hm022615qc,WSK018/BF473,0.387,17.518083,10.03819785,45.38332359,-17.4754409,BF487,1B,F,19/09/2013,41536,40200,1336,1,
hm022615qc,WSK020/BF535,0.788,16.57588011,10.21150724,43.73905382,-17.31702328,BF535,1B,F,19/09/2013,41536,40726,810,1,
cs031816_rlc.xlsx,WSK142_BF535,0.1513,17.0171081,10.90121432,48.30401534,-17.98260274,BF535,1B,F,15/11/2013,41593,40726,867,1,
HM031015qc,WSK142/BF536,0.628,17.14411742,10.90373513,46.14022914,-17.36472193,BF535,1B,F,15/11/2013,41593,40726,867,1,
cs021216rlc.xlsx,WSK334_BF535,0.603,16.58939642,9.866102687,45.18745466,-17.35838841,BF535,1B,F,03/07/2014,41823,40726,1097,1,
cs021216rlc.xlsx,WSK406_BF535,1.1659,16.23659585,9.526327928,42.32676095,-16.43767057,BF535,1B,F,03/09/2014,41885,40726,1159,1,
CS031716_rlc.xlsx,WSK837_BF535,0.5916,16.84594861,9.243735752,46.22934789,-16.28147424,BF535,1B,F,16/01/2015,42020,40726,1294,1,
CS030416_rlc.xlsx,WSK1027_BF535,0.38,16.27673712,10.10215238,45.00537899,-16.62117784,BF535,1B,F,03/07/2015,42188,40726,1462,1,
hm022615qc,WSK022/BF561,0.631,16.71570498,10.35641941,45.47692885,-17.48169128,BF561,1B,F,19/09/2013,41536,41019,517,1,
hm022415qc,WSK136/BF561,0.779,17.50340656,10.25857805,48.60887371,-17.21751819,BF561,1B,F,15/11/2013,41593,41019,574,1,
cs021216rlc.xlsx,WSK339_BF561,0.9495,16.72782648,10.10062256,44.35018746,-16.8784678,BF561,1B,F,03/07/2014,41823,41019,804,1,
cs021216rlc.xlsx,WSK410_BF561,0.9467,17.0941352,9.87769336,44.41179501,-16.50657109,BF561,1B,F,03/09/2014,41885,41019,866,1,
CS021116rlc.xlsx,WSK843_BF561,0.6242,11.53369583,10.01219277,32.12973588,-16.67898444,BF561,1B,F,16/01/2015,42020,41019,1001,1,
hm022415qc,WSK144/BF566,0.789,19.68222918,10.68056608,53.14152964,-16.85267698,BF566,1B,F,15/11/2013,41593,41019,574,1,
cs021216rlc.xlsx,WSK336_BF566,0.572,16.98949098,9.775219677,46.34935319,-17.18312935,BF566,1B,F,03/07/2014,41823,41019,804,1,
cs021216rlc.xlsx,WSK415_BF566,1.0915,17.06861912,9.524606647,43.93107339,-16.64129937,BF566,1B,F,03/09/2014,41885,41019,866,1,
hm022415qc,WSK135/BF589,0.655,17.02830195,11.49467573,45.85260255,-17.40716578,BF589,1B,F,15/11/2013,41593,41087,506,1,
cs021216rlc.xlsx,WSK338_BF589,1.2085,17.09893187,10.35835613,44.3237971,-17.61353628,BF589,1B,F,03/07/2014,41823,41087,736,1,
cs021216rlc.xlsx,WSK407_BF589,1.5715,16.83568214,10.20811576,43.38094307,-16.90494217,BF589,1B,F,03/09/2014,41885,41087,798,1,
hm022415qc,WSK141/BF593,0.695,17.33870969,11.117518,47.11927365,-17.54816326,BF593,1B,F,15/11/2013,41593,41169,424,1,
cs021216rlc.xlsx,WSK335_BF593,1.2009,17.08115453,10.14581169,44.59013675,-17.11322895,BF593,1B,F,03/07/2014,41823,41169,654,1,
cs021216rlc.xlsx,WSK409_BF593,1.098,16.69149747,9.619421313,43.68564874,-16.51302551,BF593,1B,F,03/09/2014,41885,41169,716,1,
cs021216rlc.xlsx,WSK844_BF593,1.4765,16.82732405,9.902321026,43.68402058,-16.83982394,BF593,1B,F,16/01/2015,42020,41169,851,1,
hm031115qcr,WSK294/BF622,0.734,16.58925047,10.69565972,45.1441185,-17.00261085,BF622,1B,F,29/05/2014,41788,41458,330,1,
cs021216rlc.xlsx,WSK340_BF622,0.7864,16.97072153,10.45873627,45.76923952,-17.59365051,BF622,1B,F,03/07/2014,41823,41458,365,1,
cs021216rlc.xlsx,WSK414_BF622,1.2768,16.84247845,9.871633388,43.36186472,-17.00826736,BF622,1B,F,03/09/2014,41885,41458,427,1,
cs021216rlc.xlsx,WSK333_BF627,0.8118,16.99115169,10.52483264,45.64496589,-17.89492296,BF627,1B,F,03/07/2014,41823,41458,365,1,
cs021216rlc.xlsx,WSK413_BF627,1.1233,16.89389807,9.972757785,43.6109898,-16.8052481,BF627,1B,F,03/09/2014,41885,41458,427,1,
CS031716_rlc.xlsx,WSK839_BF627,0.872,17.02000323,9.980191404,45.3670606,-16.41746806,BF627,1B,F,16/01/2015,42020,41458,562,1,
hm022415qc,WSK134/BF639,0.309,17.27784936,11.45318231,47.31204208,-18.17518755,BF639,1B,F,15/11/2013,41593,41557,36,1,
HM031015qc,WSK140/BF640,0.262,16.55935058,11.34338835,46.25367045,-18.20522973,BF640,1B,F,15/11/2013,41593,41557,36,1,
cs031816_rlc.xlsx,WSK316_BF641,0.6351,16.56970146,11.12153033,45.89113186,-17.07349327,BF641,1B,F,16/06/2014,41806,41771,35,1,
CS031716_rlc.xlsx,WSK356_BF644,0.5005,16.34145814,10.48325863,45.50813541,-16.85417383,BF644,1B,F,11/07/2014,41831,41800,31,1,
CS031716_rlc.xlsx,WSK357_BF645,0.4249,16.21283195,10.49347632,45.49367902,-17.00991306,BF645,1B,F,11/07/2014,41831,41800,31,1,
CS031716_rlc.xlsx,WSK359_BF647,0.5861,16.46766969,10.54951719,45.17492857,-17.03157808,BF647,1B,F,11/07/2014,41831,41800,31,1,
CS031716_rlc.xlsx,WSK838_BF647,0.6055,15.92685736,9.753251247,43.25585484,-17.10076321,BF647,1B,F,16/01/2015,42020,41800,220,1,
CS030416_rlc.xlsx,WSK1029_BF647,0.5224,16.23033766,11.08984829,44.37072658,-16.93488958,BF647,1B,F,03/07/2015,42188,41800,388,1,
CS021116rlc.xlsx,WSK899_BF659,0.7395,16.90117994,11.66146098,45.69779819,-18.08145373,BF659,1B,F,24/04/2015,42118,41911,207,1,
CS030416_rlc.xlsx,WSK1026_BF659,0.2424,15.95408149,10.91817346,45.71802694,-17.82459348,BF659,1B,F,03/07/2015,42188,41911,277,1,
CS021116rlc.xlsx,WSK912_BF660,0.8393,17.36637489,11.40581134,43.91030684,-18.32741217,BF660,1B,F,24/04/2015,42118,41911,207,1,
CS021116rlc.xlsx,WSK900_BF661,0.5244,17.09900298,11.59328914,45.78715136,-18.69427706,BF661,1B,F,24/04/2015,42118,41911,207,1,
cs021216rlc.xlsx,WSK465_BF669,0.7408,16.92852042,10.63517668,45.78445211,-18.11211633,BF669,1B,F,06/11/2014,41949,41911,38,1,
CS021116rlc.xlsx,WSK902_BF669,0.7973,16.97052607,11.42052308,44.5830431,-18.07244512,BF669,1B,F,24/04/2015,42118,41911,207,1,
CS030416_rlc.xlsx,WSK1031_BF669,1.071,15.32926747,11.40189028,41.17833687,-17.37631511,BF669,1B,F,03/07/2015,42188,41911,277,1,
cs021216rlc.xlsx,WSK467_BF671,0.9437,15.06727371,10.58486551,42.81343232,-18.11762152,BF671,1B,F,06/11/2014,41949,41911,38,1,
CS021116rlc.xlsx,WSK901_BF671,0.965,17.17006127,10.61224903,44.20479997,-17.83199869,BF671,1B,F,24/04/2015,42118,41911,207,1,
CS031716_rlc.xlsx,WSK469_BF673,1.1805,15.99217203,11.06360342,43.37147835,-17.70452959,BF673,1B,F,06/11/2014,41949,41911,38,1,
CS031716_rlc.xlsx,WSK470_BF674,1.3389,15.66439001,11.06325078,42.67684145,-17.7543432,BF674,1B,F,06/11/2014,41949,41911,38,1,
CS031716_rlc.xlsx,WSK907_BF674,1.6217,16.82942964,11.34120073,42.78339038,-17.78681272,BF674,1B,F,24/05/2015,42148,41911,237,1,
CS030416_rlc.xlsx,WSK1025_BF674,1.3565,16.31302951,11.23127593,42.14302182,-16.79006373,BF674,1B,F,03/07/2015,42188,41911,277,1,
cs031816_rlc.xlsx,WSK892_BF680,1.0678,16.37948095,11.03755615,44.16492686,-17.04224376,BF680,1B,F,30/03/2015,42093,42056,37,1,
cs031816_rlc.xlsx,WSK979_BF691,0.676,16.21268581,11.47559908,44.08131781,-17.32682642,BF691,1B,F,19/06/2015,42174,42135,39,1,
cs031816_rlc.xlsx,WSK983_BF695,0.8449,16.62837597,11.27827733,44.25746254,-17.15828366,BF695,1B,F,19/06/2015,42174,42135,39,1,
cs031816_rlc.xlsx,WSK984_BF696,0.6343,17.77105888,11.09187963,47.22260551,-17.13550223,BF696,1B,F,19/06/2015,42174,42135,39,1,
hm022615qc,WSK024/BM216,0.58,17.53136532,10.0836571,47.80634773,-16.82474156,BM216,1B,M,09/10/2013,41556,38073,3483,1,
HM031015qc,WSK108/BM310,0.679,16.93275562,10.02830936,47.13190874,-17.21242163,BM310,1B,M,11/11/2013,41589,38918,2671,1,
cs021216rlc.xlsx,WSK412_BM436,0.9377,17.11461456,10.10362624,45.51454598,-16.61075754,BM436,1B,M,03/09/2014,41885,39897,1988,1,
cs021216rlc.xlsx,WSK412_BM436,0.5028,17.37156937,9.664589392,46.17062985,-16.31097752,BM436,1B,M,03/09/2014,41885,39897,1988,1,
CS021116rlc.xlsx,WSK927_BM436,0.6529,16.26413837,9.839171619,44.44864604,-16.77285786,BM436,1B,M,30/04/2015,42124,39897,2227,1,
HM031015qc,WSK025/BM438,0.673,16.47659234,10.07097275,44.82855388,-16.86072247,BM438,1B,M,09/10/2013,41556,39897,1659,1,
CS021116rlc.xlsx,WSK842_BM438,0.6148,16.62223013,9.187374765,44.81795041,-15.96222531,BM438,1B,M,16/01/2015,42020,39897,2123,1,
cs021216rlc.xlsx,WSK842_BM438,0.9742,17.25923715,9.801305442,44.53470471,-17.25845721,BM438,1B,M,16/01/2015,42020,39897,2123,1,
CS021116rlc.xlsx,WSK929_BM438,0.6384,16.02742522,10.28478024,43.97843326,-17.17040046,BM438,1B,M,30/04/2015,42124,39897,2227,1,
CS021116rlc.xlsx,WSK933_BM455,1.0264,16.35192533,10.29783536,42.55654465,-16.25027187,BM455,1B,M,30/04/2015,42124,39984,2140,1,
CS021116rlc.xlsx,WSK931_BM558,0.9294,14.87927194,10.6339623,39.41201278,-16.91877654,BM558,1B,M,30/04/2015,42124,41019,1105,1,
hm022615qc,WSK023/BM362,0.696,17.68202848,10.64117125,47.86913038,-16.73933928,BM562,1B,M,09/10/2013,41556,41019,537,1,
CS021116rlc.xlsx,WSK928_BM564,0.8311,16.19496952,10.04998013,43.39631147,-16.75831221,BM564,1B,M,30/04/2015,42124,41019,1105,1,
hm031115qcr,WSK292/BM620,1.04,16.96764106,10.55639328,45.18038457,-16.1615363,BM620,1B,M,29/05/2014,41788,41458,330,1,
HM031015qc,WSK143/BM635,0.369,16.3730608,11.03603091,45.42013481,-18.11310623,BM635,1B,M,15/11/2013,41593,41557,36,1,
hm022415qc,WSK137/BM637,0.469,17.98280537,10.71023153,47.88505039,-18.09488546,BM637,1B,M,15/11/2013,41593,41557,36,1,
hm031115qcr,WSK293/BM637,0.68,16.63069724,10.09020556,45.49023266,-17.03823683,BM637,1B,M,29/05/2014,41788,41557,231,1,
CS031716_rlc.xlsx,WSK337_BM637,0.7191,16.75547586,9.987567449,45.55167951,-16.99517043,BM637,1B,M,03/07/2014,41823,41557,266,1,
hm022415qc,WSK139/BM638,0.357,17.30059959,11.27066177,48.07711837,-18.68349033,BM638,1B,M,15/11/2013,41593,41557,36,1,
hm031115qcr,WSK295/BM638,0.614,16.41818351,10.60273241,44.66764717,-17.37342695,BM638,1B,M,29/05/2014,41788,41557,231,1,
CS021116rlc.xlsx,WSK930_BM638,1.0028,16.07009928,11.17558883,43.13187664,-17.18959498,BM638,1B,M,30/04/2015,42124,41557,567,1,
CS031716_rlc.xlsx,WSK354_BM642,0.6263,16.55688204,10.61584636,45.58768923,-17.04532492,BM642,1B,M,11/07/2014,41831,41800,31,1,
cs021216rlc.xlsx,WSK355_BM643,0.8935,16.33897971,10.56680154,43.79168048,-17.22650578,BM643,1B,M,11/07/2014,41831,41800,31,1,
CS031716_rlc.xlsx,WSK845_BM643,1.1606,17.13246178,9.90918584,45.21082365,-17.3087908,BM643,1B,M,16/01/2015,42020,41800,220,1,
CS021116rlc.xlsx,WSK932_BM643,0.7688,16.30684127,10.80649129,44.22037867,-17.15086002,BM643,1B,M,30/04/2015,42124,41800,324,1,
CS031716_rlc.xlsx,WSK358_BM646,0.7305,16.56519485,10.79784839,44.87616545,-17.03557643,BM646,1B,M,11/07/2014,41831,41800,31,1,
CS031716_rlc.xlsx,WSK430_BM653,0.7802,16.51386482,10.39663283,44.29996489,-17.26923811,BM653,1B,M,09/09/2014,41891,41845,46,1,
CS021116rlc.xlsx,WSK913_BM653,0.809,17.20038271,10.78241003,45.73384995,-17.15729253,BM653,1B,M,24/04/2015,42118,41845,273,1,
CS031716_rlc.xlsx,WSK431_BM654,0.7831,16.54895722,10.6088694,44.77823359,-17.45589034,BM654,1B,M,09/09/2014,41891,41845,46,1,
CS031716_rlc.xlsx,WSK459_BM662,0.6985,16.28189229,10.85050429,43.88442388,-17.6537682,BM662,1B,M,05/11/2014,41948,41911,37,1,
CS031716_rlc.xlsx,WSK898_BM662,1.4072,16.38782444,10.60456359,42.7624637,-17.13157547,BM662,1B,M,24/04/2015,42118,41911,207,1,
CS021116rlc.xlsx,WSK908_BM663,0.804,17.0449315,10.98410998,44.84376563,-17.84100938,BM663,1B,M,24/04/2015,42118,41911,207,1,
cs021216rlc.xlsx,WSK460_BM664,0.4636,15.84279546,10.89901642,44.88830829,-18.43486746,BM664,1B,M,05/11/2014,41948,41911,37,1,
CS021116rlc.xlsx,WSK904_BM664,0.5357,16.48202035,11.57774059,45.64593518,-18.48891033,BM664,1B,M,24/04/2015,42118,41911,207,1,
CS031716_rlc.xlsx,WSK461_BM665,0.4527,16.67477723,10.96138044,45.63742719,-17.62920836,BM665,1B,M,05/11/2014,41948,41911,37,1,
CS021116rlc.xlsx,WSK905_BM665,0.8011,16.79331259,11.17553673,44.79821901,-17.92309429,BM665,1B,M,24/04/2015,42118,41911,207,1,
CS030416_rlc.xlsx,WSK1204_BM665,1.387,16.07826738,10.39393357,42.91693748,-16.5028242,BM665,1B,M,07/10/2015,42284,41911,373,1,
CS031716_rlc.xlsx,WSK462_BM666,0.605,16.41122561,11.041819,44.28362279,-17.45965147,BM666,1B,M,05/11/2014,41948,41911,37,1,
CS021116rlc.xlsx,WSK911_BM666,0.7282,16.86199829,10.90586566,45.40981302,-17.65009066,BM666,1B,M,24/04/2015,42118,41911,207,1,
CS021116rlc.xlsx,WSK906_BM667,0.7097,15.61915197,10.5963556,42.80480456,-18.35839489,BM667,1B,M,24/04/2015,42118,41911,207,1,
CS030416_rlc.xlsx,WSK1094_BM667,1.2542,16.31050828,10.83876955,42.9349718,-16.96383779,BM667,1B,M,07/10/2015,42284,41911,373,1,
CS031716_rlc.xlsx,WSK464_BM668,0.7404,16.62220137,11.21775225,44.28277972,-17.4670286,BM668,1B,M,05/11/2014,41948,41911,37,1,
CS031716_rlc.xlsx,WSK910_BM668,0.8292,16.71682031,11.22308274,44.0521398,-17.62871488,BM668,1B,M,24/04/2015,42118,41911,207,1,
cs021216rlc.xlsx,WSK466_BM670,1.1324,16.37371035,10.74490085,43.4520322,-17.50362639,BM670,1B,M,06/11/2014,41949,41911,38,1,
CS021116rlc.xlsx,WSK909_BM670,0.8406,16.69421596,11.00993646,42.82753403,-18.18876382,BM670,1B,M,24/04/2015,42118,41911,207,1,
CS031716_rlc.xlsx,WSK468_BM672,0.6036,15.71004252,10.94335333,43.89894832,-17.61954062,BM672,1B,M,06/11/2014,41949,41911,38,1,
CS021116rlc.xlsx,WSK903_BM672,0.6436,17.31303632,10.9530978,46.45273641,-17.81518789,BM672,1B,M,24/04/2015,42118,41911,207,1,
cs031816_rlc.xlsx,WSK891_BM679,0.9856,15.76429986,10.92292113,43.2967735,-16.98366517,BM679,1B,M,30/03/2015,42093,42056,37,1,
cs021616rlc.xlsx,WSK893_BM681,0.5941,16.269922,11.00271453,44.11304599,-17.25539572,BM681,1B,M,20/03/2015,42083,42056,27,1,
cs031816_rlc.xlsx,WSK894_BM682,0.8555,15.71234491,11.07423573,43.64264671,-17.34894201,BM682,1B,M,30/03/2015,42093,42056,37,1,
cs031816_rlc.xlsx,WSK980_BM692,1.0337,17.1922939,11.13671485,45.64943367,-16.87970232,BM692,1B,M,19/06/2015,42174,42135,39,1,
cs031816_rlc.xlsx,WSK981_BM693,0.9766,17.27202291,11.06690428,45.93726874,-17.01446233,BM693,1B,M,19/06/2015,42174,42135,39,1,
cs031816_rlc.xlsx,WSK982_BM694,0.3888,17.61560606,11.01098047,48.2479052,-17.21957787,BM694,1B,M,19/06/2015,42174,42135,39,1,
cs031816_rlc.xlsx,WSK985_BM697,1.1399,15.6633606,11.39425558,41.09152387,-17.09464737,BM697,1B,M,19/06/2015,42174,42135,39,1,
cs031816_rlc.xlsx,WSK1043_BM704,1.0052,16.5201642,11.20262488,43.81607556,-17.17621094,BM704,1B,M,25/08/2015,42241,42207,34,1,
cs031816_rlc.xlsx,WSK1044_BM705,0.7833,16.20492669,11.30224178,43.54704658,-17.43350701,BM705,1B,M,25/08/2015,42241,42207,34,1,
HM031015qc,WSK041/DF139,0.521,16.98757614,12.34920761,45.94996464,-17.44363163,DF139,11,F,23/10/2013,41570,39732,1838,1,
HM031015qc,WSK043/DF169,0.641,16.85392113,12.50236602,44.44222617,-17.94350308,DF169,11,F,23/10/2013,41570,40310,1260,1,
HM031015qc,WSK039/DF190,0.681,16.32558143,11.74316905,45.22793698,-17.80424703,DF190,11,F,23/10/2013,41570,40838,732,1,
CS021116rlc.xlsx,WSK361_DF190,0.5294,16.71696768,12.42690184,46.87563071,-18.07169866,DF190,11,F,15/07/2014,41835,40838,997,1,
cs021216rlc.xlsx,WSK454_DF190,0.932,17.17462119,11.28728544,45.3166446,-17.11483328,DF190,11,F,12/09/2014,41894,40838,1056,1,
cs021616rlc.xlsx,WSK941_DF190,0.66,16.33569057,11.68629277,44.32063087,-17.79143978,DF190,11,F,12/05/2015,42136,40838,1298,1,
HM031015qc,WSK040/DF200,0.472,16.55133042,12.48900244,44.82701504,-17.40432302,DF200,11,F,23/10/2013,41570,41045,525,1,
CS030416_rlc.xlsx,WSK362_DF200,1.2941,16.43769984,12.31844112,43.01857773,-17.20328755,DF200,11,F,15/07/2014,41835,41045,790,1,
CS030416_rlc.xlsx,WSK448_DF200,1.1233,16.51039039,11.10612027,43.71576579,-16.43307093,DF200,11,F,12/09/2014,41894,41045,849,1,
cs021616rlc.xlsx,WSK514_DF200,0.798,16.53727105,10.93085397,44.50082542,-15.63343735,DF200,11,F,10/01/2015,42014,41045,969,1,
cs021616rlc.xlsx,WSK516_DF200,0.6745,11.92296612,10.91879905,41.05463838,-18.79209587,DF200,11,F,10/01/2015,42014,41045,969,1,
cs021616rlc.xlsx,WSK942_DF200,0.653,12.84786529,11.28091823,35.42004145,-17.40753436,DF200,11,F,12/05/2015,42136,41045,1091,1,
CS030416_rlc.xlsx,WSK1110_DF200,0.724,16.69383432,10.68426104,44.88014188,-16.11375652,DF200,11,F,17/09/2015,42264,41045,1219,1,
HM031015qc,WSK042/DF201,0.676,16.97632369,12.26374451,45.25972761,-17.30488948,DF201,11,F,23/10/2013,41570,41045,525,1,
CS021116rlc.xlsx,WSK360_DF201,1.3636,16.79244288,12.89638355,44.51090136,-17.52883159,DF201,11,F,15/07/2014,41835,41045,790,1,
CS021116rlc.xlsx,WSK446_DF201,0.7653,17.18824926,11.25642498,45.68599215,-16.90753056,DF201,11,F,12/09/2014,41894,41045,849,1,
cs021216rlc.xlsx,WSK515_DF201,0.5699,16.69207318,10.73695243,45.67955068,-17.29440242,DF201,11,F,10/01/2015,42014,41045,969,1,
CS021116rlc.xlsx,WSK944_DF201,0.8579,16.0490976,12.07886685,43.29276422,-18.10670097,DF201,11,F,12/05/2015,42136,41045,1091,1,
HM031015qc,WSK044/DF208,0.482,16.76057351,12.61527091,45.21163544,-17.56234709,DF208,11,F,23/10/2013,41570,41045,525,1,
cs021616rlc.xlsx,WSK508_DF208,0.743,16.11536835,10.38591062,43.34177585,-16.31588952,DF208,11,F,10/01/2015,42014,41045,969,1,
cs021616rlc.xlsx,WSK940_DF208,0.753,16.24528423,11.50126435,44.25956859,-17.14388501,DF208,11,F,12/05/2015,42136,41045,1091,1,
HM031015qc,WSK038/DF216,0.299,15.86896134,12.14977818,45.56948172,-18.27409049,DF216,11,F,23/10/2013,41570,41188,382,1,
hm022615qc,WSK052/DM222,0.472,17.43110828,11.94259111,44.87466684,-18.64371967,DF222,11,F,23/10/2013,41570,41451,119,1,
cs021216rlc.xlsx,WSK299_DF222,1.1708,16.5141867,12.4721906,44.38441541,-18.79345357,DF222,11,F,11/06/2014,41801,41451,350,1,
CS021116rlc.xlsx,WSK440_DF222,1.229,16.09768025,12.21930282,43.17068161,-17.4634255,DF222,11,F,12/09/2014,41894,41451,443,1,
hm022415qc,WSK055/DF223,0.597,15.73495503,12.60181376,43.65854159,-18.31310328,DF223,11,F,23/10/2013,41570,41451,119,1,
cs021216rlc.xlsx,WSK305_DF223,0.9546,16.50850714,13.01631788,44.44055884,-18.59312501,DF223,11,F,11/06/2014,41801,41451,350,1,
cs021216rlc.xlsx,WSK521_DF223,1.4028,15.65050979,11.62687063,42.51403026,-17.38152199,DF223,11,F,12/01/2015,42016,41451,565,1,
cs021216rlc.xlsx,WSK939_DF223,0.8983,16.61187254,12.09745938,45.14436039,-17.84528336,DF223,11,F,12/05/2015,42136,41451,685,1,
cs021216rlc.xlsx,WSK1093_DF223,1.1287,16.15922164,12.0895107,43.08362804,-17.43814275,DF223,11,F,17/09/2015,42264,41451,813,1,
HM031015qc,WSK058/DF225,0.626,15.34028016,13.02222657,43.06388236,-19.03048248,DF225,11,F,24/10/2013,41571,41451,120,1,
HM031015qc,WSK059/DF226,0.463,9.34576113,11.012385,38.75491681,-20.27315787,DF226,11,F,24/10/2013,41571,41451,120,1,
hm022415qc,WSK145/D227,0.355,17.25752819,12.00667098,47.33529418,-18.25344703,DF227,11,F,16/11/2013,41594,41551,43,1,
hm022415qc,TWSK001/DF228,0.491,16.69775575,12.54821327,46.16894036,-18.32169153,DF228,11,F,16/11/2013,41594,41551,43,1,
hm022415qc,WSK197/DF229,0.519,17.35481636,12.63685877,46.73191865,-18.04709924,DF229,11,F,16/11/2013,41594,41551,43,1,
hm022615qc,WSK165/DF235,0.253,18.02348956,12.18029836,48.32574135,-17.86187509,DF235,11,F,09/01/2014,41648,41620,28,1,
CS021116rlc.xlsx,WSK314_DM126,0.7002,13.18185873,12.34089943,36.22606193,-18.53104517,DM126,11,M,13/06/2014,41803,39576,2227,1,
cs021216rlc.xlsx,WSK447_DM126,0.841,15.29959077,11.28010565,42.62872898,-17.22175976,DM126,11,M,12/09/2014,41894,39576,2318,1,
HM031015qc,WSK027/DM165,0.693,15.49607803,10.92564037,43.19255726,-17.19593699,DM165,11,M,21/10/2013,41568,40100,1468,1,
cs031816_rlc.xlsx,WSK302_DM165,0.7245,17.13285657,11.74137278,45.88033848,-17.31341144,DM165,11,M,11/06/2014,41801,40100,1701,1,
CS030416_rlc.xlsx,WSK452_DM165,1.0498,16.4159766,11.47823899,42.71728766,-16.84663089,DM165,11,M,12/09/2014,41894,40100,1794,1,
CS030416_rlc.xlsx,WSK523_DM165,1.7548,15.83538122,11.72952718,41.29863317,-17.03536015,DM165,11,M,12/01/2015,42016,40100,1916,1,
cs021616rlc.xlsx,WSK943_DM165,0.7218,6.631638441,11.6916443,18.53957444,-18.32103159,DM165,11,M,12/05/2015,42136,40100,2036,1,
HM031015qc,WSK026/DM168,0.4,15.74735751,11.66861956,44.39233022,-17.19935725,DM168,11,M,21/10/2013,41568,40175,1393,1,
cs031816_rlc.xlsx,WSK304_DM168,0.5049,16.75347021,12.02665288,46.86865518,-17.54596659,DM168,11,M,11/06/2014,41801,40175,1626,1,
cs031816_rlc.xlsx,WSK445_DM168,1.0732,17.44996674,11.11005052,46.75560765,-15.77809857,DM168,11,M,16/09/2014,41898,40175,1723,1,
hm022615qc,WSK066/DM170,0.652,15.6433642,11.57637876,42.5863653,-17.03999746,DM170,11,M,24/10/2013,41571,40310,1261,1,
cs021216rlc.xlsx,WSK308_DM170,0.5325,16.11882863,11.82307261,45.22200714,-17.76610248,DM170,11,M,13/06/2014,41803,40310,1493,1,
CS021116rlc.xlsx,WSK443_DM170,0.8274,15.60564655,11.12900211,42.66983486,-16.21694477,DM170,11,M,12/09/2014,41894,40310,1584,1,
HM031015qc,WSK060/DM171,0.676,10.82511319,11.37913864,38.92347444,-19.35246313,DM171,11,M,24/10/2013,41571,40310,1261,1,
CS021116rlc.xlsx,WSK300_DM171,0.8613,16.62749489,12.35213158,45.70933581,-18.42687455,DM171,11,M,11/06/2014,41801,40310,1491,1,
CS021116rlc.xlsx,WSK438_DM171,0.8132,16.66561513,11.93344597,45.17359634,-17.54754743,DM171,11,M,12/09/2014,41894,40310,1584,1,
cs021616rlc.xlsx,WSK510_DM171,0.874,14.51393751,11.51581931,39.48814844,-17.68928908,DM171,11,M,10/01/2015,42014,40310,1704,1,
cs021616rlc.xlsx,WSK510_DM171,0.6076,16.93870395,11.48917875,46.1412964,-17.73793283,DM171,11,M,10/01/2015,42014,40310,1704,1,
CS021116rlc.xlsx,WSK952_DM171,0.8507,19.14384002,12.27507823,49.26729293,-18.96679792,DM171,11,M,13/05/2015,42137,40310,1827,1,
cs021216rlc.xlsx,WSK1101_DM171,1.6264,15.38821091,11.75807904,41.34849547,-17.89465733,DM171,11,M,17/09/2015,42264,40310,1954,1,
hm022615qc,WSK065/DM179,0.519,17.24371633,11.40757443,46.9772363,-17.34096225,DM179,11,M,24/10/2013,41571,40382,1189,1,
CS030416_rlc.xlsx,WSK307_DM179,0.9152,16.11883397,11.67881543,43.45862974,-17.36192442,DM179,11,M,13/06/2014,41803,40382,1421,1,
CS030416_rlc.xlsx,WSK444_DM179,1.5211,16.58054153,11.45650565,43.05697541,-16.72671983,DM179,11,M,12/09/2014,41894,40382,1512,1,
CS030416_rlc.xlsx,WSK524_DM179,0.7079,15.56718875,10.63413222,42.56004049,-16.87250729,DM179,11,M,12/01/2015,42016,40382,1634,1,
CS030416_rlc.xlsx,WSK954_DM179,0.9601,15.27286657,11.18824715,41.12344908,-17.08726904,DM179,11,M,13/05/2015,42137,40382,1755,1,
CS030416_rlc.xlsx,WSK1102_DM179,1.0779,15.55416549,11.15524312,42.28000778,-16.32715548,DM179,11,M,17/09/2015,42264,40382,1882,1,
hm022615qc,WSK050/DM180,0.536,17.18986278,11.37277576,45.67117405,-17.54780076,DM180,11,M,23/10/2013,41570,40382,1188,1,
CS021116rlc.xlsx,WSK301_DM180,0.7958,16.91880066,11.37306411,45.46536971,-16.80599828,DM180,11,M,11/06/2014,41801,40382,1419,1,
CS021116rlc.xlsx,WSK444_DM180,1.0555,16.98611512,10.9789792,44.70644417,-15.91124398,DM180,11,M,12/09/2014,41894,40382,1512,1,
cs021216rlc.xlsx,WSK513_DM180,1.5426,14.12747074,10.52234025,40.75950246,-17.00567679,DM180,11,M,10/01/2015,42014,40382,1632,1,
CS021116rlc.xlsx,WSK948_DM180,0.6953,15.98165114,11.36119537,44.02132346,-16.97123509,DM180,11,M,12/05/2015,42136,40382,1754,1,
cs021216rlc.xlsx,WSK315_DM189,0.9118,16.47240946,12.01569346,44.26472596,-17.79874973,DM189,11,M,13/06/2014,41803,40757,1046,1,
CS021116rlc.xlsx,WSK434_DM189,0.9593,16.40971062,11.52925543,44.64319631,-16.95033968,DM189,11,M,12/09/2014,41894,40757,1137,1,
cs021216rlc.xlsx,WSK520_DM189,1.1536,16.0792611,11.10517777,43.50403203,-17.33488138,DM189,11,M,12/01/2015,42016,40757,1259,1,
cs021216rlc.xlsx,WSK1094_DM189,0.8652,14.73505817,11.54048897,41.56260607,-17.54821027,DM189,11,M,17/09/2015,42264,40757,1507,1,
HM031015qc,WSK047/DM192,0.484,14.66514137,11.77731036,42.25868083,-17.94739828,DM192,11,M,23/10/2013,41570,40838,732,1,
CS021116rlc.xlsx,WSK297_DM192,0.8263,16.57590249,12.4788648,45.34284193,-18.0635208,DM192,11,M,11/06/2014,41801,40838,963,1,
cs021216rlc.xlsx,WSK455_DM192,0.6669,16.87639052,11.30280701,45.8661491,-17.12905068,DM192,11,M,12/09/2014,41894,40838,1056,1,
cs021616rlc.xlsx,WSK509_DM192,0.648,14.37054496,11.40067696,42.30136749,-18.50524983,DM192,11,M,10/01/2015,42014,40838,1176,1,
CS030416_rlc.xlsx,WSK517_DM192,1.0164,16.15539595,11.27710006,42.99520138,-17.28112088,DM192,11,M,12/01/2015,42016,40838,1178,1,
CS021116rlc.xlsx,WSK953_DM192,0.8705,15.40033387,12.24924001,42.21077075,-17.87697609,DM192,11,M,13/05/2015,42137,40838,1299,1,
HM031015qc,WSK063/DM193,0.763,15.32892439,11.7969969,43.79919436,-17.29734317,DM193,11,M,24/10/2013,41571,40838,733,1,
cs021616rlc.xlsx,WSK309_DM193,0.8944,16.41146458,11.9965389,44.8378904,-18.02934004,DM193,11,M,13/06/2014,41803,40838,965,1,
CS030416_rlc.xlsx,WSK433_DM193,0.9999,15.94669012,11.43427626,42.87185332,-17.0926873,DM193,11,M,12/09/2014,41894,40838,1056,1,
CS030416_rlc.xlsx,WSK950_DM193,1.4156,16.26357412,12.15946302,43.06888276,-18.00232031,DM193,11,M,13/05/2015,42137,40838,1299,1,
HM031015qc,WSK062/DM194,0.603,15.63940314,11.72674925,44.54141662,-17.65669467,DM194,11,M,24/10/2013,41571,40838,733,1,
CS030416_rlc.xlsx,WSK442_DM194,0.7707,14.49102322,11.24720435,40.75559771,-17.59015347,DM194,11,M,12/09/2014,41894,40838,1056,1,
cs031816_rlc.xlsx,WSK526_DM194,0.9935,16.76957222,11.32410044,45.30494829,-16.90622426,DM194,11,M,12/01/2015,42016,40838,1178,1,
CS030416_rlc.xlsx,WSK1098_DM194,1.8045,14.23841443,11.95680494,38.00260954,-17.67148434,DM194,11,M,17/09/2015,42264,40838,1426,1,
hm022615qc,WSK051/DM190,0.257,16.55740704,11.50380018,46.02940171,-17.65885874,DM198,11,M,23/10/2013,41570,41045,525,1,
cs021616rlc.xlsx,WSK310_DM198,0.965,16.62045098,12.30642232,44.73367331,-17.80626149,DM198,11,M,13/06/2014,41803,41045,758,1,
CS030416_rlc.xlsx,WSK441_DM198,1.6618,16.30465601,11.56048046,42.75000334,-16.35959229,DM198,11,M,12/09/2014,41894,41045,849,1,
cs021616rlc.xlsx,WSK949_DM198,0.6167,16.24750905,11.77662907,44.51460392,-18.05418546,DM198,11,M,13/05/2015,42137,41045,1092,1,
CS030416_rlc.xlsx,WSK1100_DM198,1.8291,16.31107703,12.17071583,42.24472048,-17.04624063,DM198,11,M,17/09/2015,42264,41045,1219,1,
HM031015qc,WSK046/DM204,0.345,16.32377287,12.71344717,44.85064908,-18.05310221,DM204,11,M,23/10/2013,41570,41045,525,1,
CS030416_rlc.xlsx,WSK296_DM204,1.2338,16.03804377,12.23003523,42.89264914,-18.18813966,DM204,11,M,11/06/2014,41801,41045,756,1,
CS030416_rlc.xlsx,WSK436_DM204,1.4421,16.25290467,11.69432926,42.83100403,-17.34012398,DM204,11,M,12/09/2014,41894,41045,849,1,
cs021616rlc.xlsx,WSK946_DM204,0.9311,16.18987253,11.78358588,43.93047475,-18.17982262,DM204,11,M,12/05/2015,42136,41045,1091,1,
CS030416_rlc.xlsx,WSK1103_DM204,0.9834,15.2271091,11.72840051,41.38296423,-17.59959395,DM204,11,M,17/09/2015,42264,41045,1219,1,
hm022615qc,WSK064/DM206,0.707,16.42307871,11.66711958,45.78173312,-17.2466006,DM206,11,M,24/10/2013,41571,41045,526,1,
cs021216rlc.xlsx,WSK306_DM206,1.0047,16.33427717,12.16742338,43.66945244,-17.97854868,DM206,11,M,13/06/2014,41803,41045,758,1,
hm022615qc,WSK049/DM209,0.538,14.6573967,11.45604139,41.43954719,-17.7491372,DM209,11,M,23/10/2013,41570,41045,525,1,
cs021616rlc.xlsx,WSK312_DM209,0.9016,15.77244666,11.54801607,43.2941488,-17.60235394,DM209,11,M,13/06/2014,41803,41045,758,1,
CS021116rlc.xlsx,WSK450_DM209,1.3391,16.46386179,11.3756496,42.81775244,-16.8977335,DM209,11,M,12/09/2014,41894,41045,849,1,
cs021216rlc.xlsx,WSK512_DM209,1.1472,14.72075692,10.82130131,41.92270844,-17.67686988,DM209,11,M,10/01/2015,42014,41045,969,1,
CS021116rlc.xlsx,WSK938_DM209,0.8142,16.55466271,12.10452418,45.20149024,-17.82678244,DM209,11,M,12/05/2015,42136,41045,1091,1,
cs021216rlc.xlsx,WSK1109_DM209,1.4154,16.31766816,11.49615438,42.58648749,-17.47251973,DM209,11,M,17/09/2015,42264,41045,1219,1,
CS030416_rlc.xlsx,WSK519_DM212,1.3863,15.73516769,12.13124531,42.02327753,-18.33056844,DM212,11,M,12/01/2014,41651,41188,463,1,
CS021116rlc.xlsx,WSK311_DM212,0.5599,21.89652918,13.31434111,58.93513512,-18.95423801,DM212,11,M,13/06/2014,41803,41188,615,1,
CS030416_rlc.xlsx,WSK432_DM212,1.6137,15.72064945,12.11552085,41.52491564,-17.68969207,DM212,11,M,12/09/2014,41894,41188,706,1,
CS030416_rlc.xlsx,WSK952_DM212,1.0079,15.47397123,12.01094548,42.00360535,-18.36984697,DM212,11,M,13/05/2015,42137,41188,949,1,
CS030416_rlc.xlsx,WSK1107_DM212,1.8167,15.86139526,12.53278565,41.77537156,-18.20793004,DM212,11,M,17/09/2015,42264,41188,1076,1,
HM031015qc,WSK048/DM213,0.366,14.1329518,12.4073222,38.99049593,-17.50835749,DM213,11,M,23/10/2013,41570,41188,382,1,
CS030416_rlc.xlsx,WSK298_DM213,0.8273,16.48944989,11.95458029,44.01815586,-17.78834729,DM213,11,M,11/06/2014,41801,41188,613,1,
CS030416_rlc.xlsx,WSK453_DM213,0.5022,16.46681665,11.43287319,44.61556034,-17.4351553,DM213,11,M,12/09/2014,41894,41188,706,1,
cs021616rlc.xlsx,WSK511_DM213,0.618,15.55218042,11.37385912,42.70002321,-17.14299443,DM213,11,M,10/01/2015,42014,41188,826,1,
cs021616rlc.xlsx,WSK945_DM213,1.2633,16.34740035,12.10801286,43.90739872,-18.00690295,DM213,11,M,12/05/2015,42136,41188,948,1,
CS030416_rlc.xlsx,WSK1031_DM213,0.9027,15.60780497,12.3748043,42.8061091,-16.3616091,DM213,11,M,21/07/2015,42206,41188,1018,1,
CS030416_rlc.xlsx,WSK1108_DM213,1.298,16.29116622,11.80234153,42.32321377,-17.14075362,DM213,11,M,17/09/2015,42264,41188,1076,1,
HM031015qc,WSK061/DM215,0.581,16.36588287,12.10079695,44.98785227,-17.73783583,DM215,11,M,24/10/2013,41571,41188,383,1,
cs031816_rlc.xlsx,WSK313_DM215,0.8706,17.28754093,12.44948075,46.62035341,-17.79796093,DM215,11,M,13/06/2014,41803,41188,615,1,
CS030416_rlc.xlsx,WSK437_DM215,0.8248,16.32188978,11.17589245,43.75387446,-16.93141393,DM215,11,M,12/09/2014,41894,41188,706,1,
CS030416_rlc.xlsx,WSK518_DM215,1.1383,16.05652397,11.64139261,42.61733773,-17.33986666,DM215,11,M,12/01/2015,42016,41188,828,1,
CS030416_rlc.xlsx,WSK1100_DM215,1.6995,15.77328823,12.14448054,41.69255478,-17.30931597,DM215,11,M,17/09/2015,42264,41188,1076,1,
HM031015qc,WSK045/DM220,0.648,16.68539904,13.07478058,44.91502372,-18.42528378,DM220,11,M,23/10/2013,41570,41380,190,1,
CS021116rlc.xlsx,WSK303_DM220,0.8532,16.84210105,12.26906235,45.19664961,-18.27622037,DM220,11,M,11/06/2014,41801,41380,421,1,
CS021116rlc.xlsx,WSK451_DM220,1.1476,16.90646395,11.58853399,43.93206639,-16.96641559,DM220,11,M,12/09/2014,41894,41380,514,1,
cs021216rlc.xlsx,WSK522_DM220,1.2913,16.37766245,11.21024462,42.96612284,-17.29635224,DM220,11,M,12/01/2015,42016,41380,636,1,
cs021616rlc.xlsx,WSK947_DM220,0.9812,16.22866778,12.09871517,43.57514508,-17.97728841,DM220,11,M,12/05/2015,42136,41380,756,1,
cs021216rlc.xlsx,WSK1095_DM220,0.6944,16.24268398,11.15853457,42.93598507,-17.32981844,DM220,11,M,17/09/2015,42264,41380,884,1,
HM031015qc,WSK057/DM224,0.347,14.8470967,12.75642786,44.26050791,-19.03168084,DM224,11,M,24/10/2013,41571,41451,120,1,
hm022415qc,WSK148/DM230,0.585,17.22606993,12.53935794,45.71875164,-17.94954763,DM230,11,M,16/11/2013,41594,41551,43,1,
hm022615qc,WSK069/TF165,0.628,16.68907384,10.83217864,45.39083695,-19.13412193,FF165,4E,F,25/10/2013,41572,40188,1384,1,
hm022615qc,WSK111/FF166,0.546,17.02844212,13.71188891,46.18089953,-18.76831073,FF166,4B,F,13/11/2013,41591,40188,1403,1,
hm031115qcr,WSK218/FF166,0.646,16.45811168,13.22115329,44.94240494,-17.82719337,FF166,4B,F,12/03/2014,41710,40188,1522,1,
hm022615qc,WSK068/FF187,0.598,15.55567497,10.04292921,42.6094974,-19.60720967,FF187,4E,F,25/10/2013,41572,40640,932,1,
cs031816_rlc.xlsx,WSK318_FF190,1.0991,16.64885508,11.06284982,44.37892463,-19.40973871,FF190,4E,F,20/06/2014,41810,40640,1170,1,
hm022615qc,WSK110/FF196,0.388,17.26117972,13.75649099,46.4097212,-19.10854429,FF196,4B,F,13/11/2013,41591,40844,747,1,
hm031115qcr,WSK219/FF196,0.555,16.35916381,13.96918777,45.20242375,-18.54730852,FF196,4B,F,12/03/2014,41710,40844,866,1,
CS031716_rlc.xlsx,WSK400_FF196,0.6855,15.05646948,13.1628055,40.87882813,-18.44680986,FF196,4B,F,20/08/2014,41871,40844,1027,1,
CS031716_rlc.xlsx,WSK835_FF196,1.6682,16.59721698,14.65942981,43.2706443,-19.14417652,FF196,4B,F,15/01/2015,42019,40844,1175,1,
cs021616rlc.xlsx,WSK958_FF196,0.5053,16.23543071,13.30114371,44.88348377,-19.22220647,FF196,4B,F,15/05/2015,42139,40844,1295,1,
CS031716_rlc.xlsx,WSK1035_FF196,0.7037,16.19171374,14.65032984,43.90981524,-19.62997311,FF196,4B,F,12/08/2015,42228,40844,1384,1,
hm022615qc,WSK109/FF202,0.354,17.5004895,14.24932175,47.28949608,-18.83126018,FF202,4B,F,13/11/2013,41591,41542,49,1,
hm031115qcr,WSK258/FF206,0.818,16.30357838,13.51664555,44.60473995,-18.85643371,FF206,4B,F,13/05/2014,41772,41752,20,1,
CS031716_rlc.xlsx,WSK399_FF206,0.7257,16.26051182,14.06129318,44.31399318,-19.058492,FF206,4B,F,20/08/2014,41871,41752,119,0,
cs031816_rlc.xlsx,WSK402_FF207,0.4451,16.59445642,13.44499646,46.17384392,-18.92917114,FF207,4B,F,20/08/2014,41871,41752,119,0,
CS031716_rlc.xlsx,WSK401_FF209,0.6722,16.53909535,13.61988258,44.71664349,-18.93731813,FF209,4B,F,20/08/2014,41871,41752,119,0,removed as only 1 indiv from 22 sampled 3 times- age not accurate
CS031716_rlc.xlsx,WSK833_FF209,0.7115,16.70445885,14.55364122,44.69274582,-19.44415922,FF209,4B,F,15/01/2015,42019,41752,267,0,
CS031716_rlc.xlsx,WSK956_FF209,1.2939,16.52676768,13.25774292,43.53660706,-18.68524603,FF209,4B,F,15/05/2015,42139,41752,387,0,
hm022615qc,WSK112/FM176,0.437,16.76054684,14.04776536,45.1822962,-19.25450666,FM176,4B,M,13/11/2013,41591,40518,1073,0,
CS031716_rlc.xlsx,WSK955_FM176,1.0878,16.72932041,14.04842602,44.29650988,-19.06914493,FM176,4B,M,15/05/2015,42139,40518,1621,0,
CS031716_rlc.xlsx,WSK1036_FM176,1.1567,16.043725,14.33248705,42.4396128,-19.35877565,FM176,4B,M,12/08/2015,42228,40518,1710,0,
cs031816_rlc.xlsx,WSK404_FM178,0.9908,16.86269864,13.45082711,45.22732151,-18.31042982,FM178,4B,M,20/08/2014,41871,40518,1353,0,
HM031015qc,WSK154/FM188,0.711,16.35259887,14.12567019,45.06414003,-18.78651774,FM188,4B,M,04/12/2013,41612,40640,972,1,
hm031115qcr,WSK220/FM188,0.807,16.58462457,13.99369983,44.69419096,-17.68162688,FM188,4B,M,12/03/2014,41710,40640,1070,1,
CS031716_rlc.xlsx,WSK405_FM188,1.1492,16.27077427,13.1772435,43.48571152,-18.12310078,FM188,4B,M,20/08/2014,41871,40640,1231,1,
CS031716_rlc.xlsx,WSK957_FM188,0.7949,16.70271028,13.48078148,44.43302715,-18.6710933,FM188,4B,M,15/05/2015,42139,40640,1499,1,
hm031115qcr,WSK221/FM191,0.51,16.4941143,14.44712137,45.1747461,-18.40208859,FM191,4B,M,12/03/2014,41710,40640,1070,1,
CS031716_rlc.xlsx,WSK403_FM191,1.503,15.49846916,13.57593924,41.30668145,-17.89609375,FM191,4B,M,20/08/2014,41871,40640,1231,1,
cs021616rlc.xlsx,WSK494_FM191,0.5157,16.67853505,14.24649401,46.02398092,-18.87862415,FM191,4B,M,21/11/2014,41964,40640,1324,1,
CS031716_rlc.xlsx,WSK834_FM191,0.8366,16.1749956,14.64083949,43.81671351,-19.18371946,FM191,4B,M,15/01/2015,42019,40640,1379,1,
CS031716_rlc.xlsx,WSK1034_FM191,1.37,16.62983523,14.55365305,43.8817984,-18.80704578,FM191,4B,M,12/08/2015,42228,40640,1588,1,
hm022615qc,WSK113/FM199,0.469,16.54474885,13.40965441,44.12610176,-18.08068991,FM199,4B,M,13/11/2013,41591,41323,268,1,
hm031115qcr,WSK223/GF092,0.454,17.05551253,13.31004521,47.20326059,-19.34129749,GF092,7A,F,13/03/2014,41711,40639,1072,1,
CS031716_rlc.xlsx,WSK278_GF092,0.4066,16.13955444,12.02736966,44.97503168,-19.14846927,GF092,7A,F,20/05/2014,41779,40639,1140,1,
HM031015qc,WSK278/GF092,0.826,16.28056644,12.43954955,44.72970792,-18.87118423,GF092,7A,F,20/05/2014,41779,40639,1140,1,
CS031716_rlc.xlsx,WSK277_GF093,0.2761,16.53318801,13.10567391,46.18959496,-19.64224366,GF093,7A,F,20/05/2014,41779,40639,1140,1,
HM031015qc,WSK276/GF093,0.538,15.05034864,12.41101572,42.11891899,-19.06610475,GF093,7A,F,20/05/2014,41779,40639,1140,1,
CS031716_rlc.xlsx,WSK1018_GF093,0.6948,16.34575361,13.80982942,44.5455934,-19.33458961,GF093,7A,F,26/06/2015,42181,40639,1542,1,
HM031015qc,WSK128/GF096,0.612,16.76296859,13.7978952,44.84683856,-18.28597702,GF096,7A,F,14/11/2013,41592,40736,856,1,
hm031115qcr,WSK269/GF096,0.781,15.20438685,12.93284817,42.96736029,-18.58849711,GF096,7A,F,20/05/2014,41779,40736,1043,1,
HM031015qc,WSK268/GF100,0.822,16.04439024,12.37950299,44.61895615,-18.69450175,GF100,7A,F,20/05/2014,41779,40838,941,1,
hm022415qc,WSK120/GF106,0.421,17.1929933,13.497285,45.94040439,-18.31309324,GF106,7A,F,14/11/2013,41592,41076,516,1,
HM031015qc,WSK132/GF124,0.255,16.37011659,13.48117464,46.39939246,-18.96704921,GF124,7A,F,14/11/2013,41592,41526,66,1,
hm022415qc,WSK163/GF126,0.561,16.70256895,13.62983974,45.31513019,-19.64565118,GF126,7A,F,23/12/2013,41631,41526,105,1,
HM031015qc,WSK165/GF131,0.321,17.07870281,13.91459727,46.71494134,-19.27392353,GF131,7A,F,23/12/2013,41631,41604,27,1,
cs021216rlc.xlsx,WSK471_GF135,0.6562,16.09090094,13.03864477,44.64644355,-19.10891154,GF135,7A,F,07/11/2014,41950,41906,44,1,
CS031716_rlc.xlsx,WSK474_GF138,0.8226,16.51840267,13.18922069,44.44852265,-18.63562709,GF138,7A,F,07/11/2014,41950,41906,44,1,
cs031816_rlc.xlsx,WSK475_GF139,0.9409,17.03082385,13.12101239,46.34513145,-18.82387814,GF139,7A,F,07/11/2014,41950,41906,44,1,
cs021616rlc.xlsx,WSK1020_GF143,0.6318,16.1599343,13.71329799,44.0657621,-18.9323327,GF143,7A,F,26/06/2015,42181,42143,38,1,
cs031816_rlc.xlsx,WSK1084_GF143,0.4907,16.75701488,14.32071714,46.5300426,-19.64093318,GF143,7A,F,14/09/2015,42261,42143,118,1,
CS031716_rlc.xlsx,WSK1022_GF145,0.4862,16.65979617,13.63399184,45.36758576,-18.68222,GF145,7A,F,26/06/2015,42181,42143,38,1,
CS031716_rlc.xlsx,WSK1087_GF145,1.0474,16.86993594,14.7277615,44.58939578,-19.25502502,GF145,7A,F,14/09/2015,42261,42143,118,1,
hm031115qcr,WSK224/GM049,0.707,16.33794903,13.09307612,44.3217632,-18.65226938,GM049,7A,M,13/03/2014,41711,39377,2334,1,
hm031115qcr,WSK266/GM049,0.888,16.52201341,12.73057848,44.71553471,-18.44560021,GM049,7A,M,20/05/2014,41779,39377,2402,1,
CS021116rlc.xlsx,WSK855_GM049,0.7189,20.77725075,12.55146547,55.81799064,-19.41544191,GM049,7A,M,22/01/2015,42026,39377,2649,1,
hm022615qc,WSK130/GM060,0.539,17.25318357,13.8185895,46.99192744,-18.32762704,GM060,7A,M,14/11/2013,41592,39938,1654,1,
HM031015qc,WSK284/GM060,0.936,16.27919881,12.58409908,44.76967104,-18.66638223,GM060,7A,M,20/05/2014,41779,39938,1841,1,
CS031716_rlc.xlsx,WSK1079_GM060,1.4202,16.20010969,14.40823489,42.65885753,-18.88815665,GM060,7A,M,14/09/2015,42261,39938,2323,1,
CS031716_rlc.xlsx,WSK1079_GM060,1.2105,16.62825464,14.43964315,43.57579961,-18.48072529,GM060,7A,M,14/09/2015,42261,39938,2323,1,
hm022615qc,WSK125/GM061,0.612,17.81484072,13.50004588,46.07450574,-18.44116572,GM061,7A,M,14/11/2013,41592,39938,1654,1,
HM031015qc,WSK271/GM061,0.712,16.10106328,12.51080363,44.95610539,-18.55517738,GM061,7A,M,20/05/2014,41779,39938,1841,1,
CS031716_rlc.xlsx,WSK1080_GM061,1.7187,16.10825518,14.60059597,42.39946101,-18.85038044,GM061,7A,M,14/09/2015,42261,39938,2323,1,
hm022615qc,WSK124/GM065,0.6,16.87219467,13.4595391,46.17813351,-18.11488472,GM065,7A,M,14/11/2013,41592,40017,1575,1,
HM031015qc,WSK283/GM065,0.946,15.27755815,12.74798472,43.06092991,-18.87666687,GM065,7A,M,20/05/2014,41779,40017,1762,1,
cs021216rlc.xlsx,WSK1081_GM065,1.6639,16.54199562,14.45408987,43.5313808,-19.11272205,GM065,7A,M,14/09/2015,42261,40017,2244,1,
hm022615qc,WSK114/GM080,0.602,15.89505442,13.64853124,43.83619415,-18.6725531,GM080,7A,M,14/11/2013,41592,40294,1298,1,
cs021216rlc.xlsx,WSK275_GM080,0.3358,16.46869923,12.7798613,46.49529681,-19.48793357,GM080,7A,M,20/05/2014,41779,40294,1485,1,
HM031015qc,WSK275/GM080,0.773,15.94931586,12.36008613,44.73532766,-19.04793755,GM080,7A,M,20/05/2014,41779,40294,1485,1,
cs021216rlc.xlsx,WSK1082_GM080,0.9296,16.56682728,13.94676605,44.19198615,-19.14688906,GM080,7A,M,14/09/2015,42261,40294,1967,1,
hm031115qcr,WSK273/GM082,0.608,16.26859203,12.87263169,44.8908635,-19.08688301,GM082,7A,M,20/05/2014,41779,40294,1485,1,
CS031716_rlc.xlsx,WSK1074_GM082,1.1083,16.5996972,14.13304393,44.11554042,-18.55962045,GM082,7A,M,14/09/2015,42261,40294,1967,1,
hm022615qc,WSK129/GM087,0.789,15.14387799,13.64946576,41.70649809,-18.33489491,GM087,7A,M,14/11/2013,41592,40510,1082,1,
HM031015qc,WSK270/GM087,0.996,16.14999754,12.53831463,44.70954784,-18.67519016,GM087,7A,M,20/05/2014,41779,40510,1269,1,
CS031716_rlc.xlsx,WSK456_GM087,1.1361,15.87253064,12.89529138,42.70628111,-18.18462059,GM087,7A,M,15/09/2014,41897,40510,1387,1,
hm022415qc,WSK123/GM089,0.717,16.85121088,13.44593645,46.3266148,-18.38152224,GM089,7A,M,14/11/2013,41592,40510,1082,1,
HM031015qc,WSK268/GM089,0.531,16.31099072,12.40890026,45.38516935,-19.22592228,GM089,7A,M,20/05/2014,41779,40510,1269,1,
CS031716_rlc.xlsx,WSK1076_GM089,0.8898,16.70239878,13.66638606,44.89464451,-18.31988362,GM089,7A,M,14/09/2015,42261,40510,1751,1,
hm022415qc,WSK122/GM090,0.353,17.65691586,13.57245909,47.7994361,-18.73472404,GM090,7A,M,14/11/2013,41592,40639,953,1,
hm031115qcr,WSK274/GM090,0.861,16.41887156,13.41059405,44.92940586,-18.95304577,GM090,7A,M,20/05/2014,41779,40639,1140,1,
hm022615qc,WSK125/GM099,0.445,16.84579141,13.70945561,46.35613244,-18.67053284,GM099,7A,M,14/11/2013,41592,40838,754,1,
hm022415qc,WSK119/GM105,0.493,17.12310703,13.75531607,46.71702258,-18.71635128,GM105,7A,M,14/11/2013,41592,41076,516,1,
cs021616rlc.xlsx,WSK282_GM105,0.4195,16.00635292,13.16562161,44.05882609,-19.96230025,GM105,7A,M,20/05/2014,41779,41076,703,1,
HM031015qc,WSK282/GM105,0.62,15.95288396,12.49364869,45.19749527,-19.58922917,GM105,7A,M,20/05/2014,41779,41076,703,1,
hm022415qc,WSK118/GM110,0.39,17.23243515,13.72928983,46.23471663,-18.57714271,GM110,7A,M,14/11/2013,41592,41244,348,1,
hm022615qc,WSK121/GM111,0.626,17.14086242,14.2472803,46.91100767,-18.3145511,GM111,7A,M,14/11/2013,41592,41244,348,1,
HM031015qc,WSK272/GM111,0.658,16.0418347,13.1154637,45.04276698,-19.07403285,GM111,7A,M,20/05/2014,41779,41244,535,1,
hm022415qc,WSK115/GM112,0.434,17.27152238,13.82809721,46.64980644,-18.51454804,GM112,7A,M,14/11/2013,41592,41244,348,1,
HM031015qc,WSK267/GM112,0.721,15.76659656,12.54845591,44.38804417,-19.20525644,GM112,7A,M,20/05/2014,41779,41244,535,1,
HM031015qc,WSK117/GM114,0.709,16.26937588,13.88359457,45.15177735,-18.20179964,GM114,7A,M,14/11/2013,41592,41244,348,1,
hm022615qc,WSK116/GM115,0.165,16.88599429,12.19224111,45.05767223,-19.46003974,GM115,7A,M,14/11/2013,41592,41244,348,1,
CS031716_rlc.xlsx,WSK280_GM115,0.4603,15.98263682,12.69226309,44.30761292,-19.48645864,GM115,7A,M,20/05/2014,41779,41244,535,1,
HM031015qc,WSK280/GM115,0.618,15.6340939,12.21681086,44.39041509,-19.20533614,GM115,7A,M,20/05/2014,41779,41244,535,1,
hm022615qc,WSK127/GM117,0.713,17.00643618,13.08893521,46.57367838,-18.3440184,GM117,7A,M,14/11/2013,41592,41386,206,1,
HM031015qc,WSK279/GM117,0.706,16.16547936,12.66934971,44.98169213,-19.45401982,GM117,7A,M,20/05/2014,41779,41386,393,1,
CS031716_rlc.xlsx,WSK854_GM117,0.9062,16.86806077,13.41616879,45.0483474,-18.73350712,GM117,7A,M,22/01/2015,42026,41386,640,1,
CS031716_rlc.xlsx,WSK1078_GM117,1.4685,16.85038605,14.37874591,44.21491521,-18.54263158,GM117,7A,M,14/09/2015,42261,41386,875,1,
hm022415qc,WSK133/GM125,0.171,18.0124593,12.6223851,47.92812761,-18.99841865,GM125,7A,M,14/11/2013,41592,41526,66,1,
HM031015qc,WSK281/GM125,0.617,16.47009616,12.73026187,45.25097802,-19.26886051,GM125,7A,M,20/05/2014,41779,41526,253,1,
hm022415qc,WSK161/GM128,0.307,18.81407865,13.51170865,50.86059162,-19.32260454,GM128,7A,M,23/12/2013,41631,41604,27,1,
hm022415qc,WSK162/GM129,0.344,19.696863,13.84740694,52.41247723,-19.3489172,GM129,7A,M,23/12/2013,41631,41604,27,1,
hm022615qc,WSK164/GM130,0.502,17.50984081,13.7804873,47.93219846,-19.29408119,GM130,7A,M,23/12/2013,41631,41604,27,1,
CS031716_rlc.xlsx,WSK472_GM136,0.7963,16.06768754,13.4082204,44.16379723,-18.50430789,GM136,7A,M,07/11/2014,41950,41906,44,1,
CS031716_rlc.xlsx,WSK473_GM137,0.8151,16.42760714,13.30404391,45.18782685,-18.78522716,GM137,7A,M,07/11/2014,41950,41906,44,1,
CS031716_rlc.xlsx,WSK1077_GM137,0.8782,16.54676583,14.65998368,44.57795493,-19.07006217,GM137,7A,M,14/09/2015,42261,41906,355,1,
CS031716_rlc.xlsx,WSK476_GM140,0.888,16.29820009,13.38817929,44.56005933,-18.54167792,GM140,7A,M,07/11/2014,41950,41906,44,1,
CS031716_rlc.xlsx,WSK477_GM141,0.668,16.24681743,12.85945548,44.53003817,-18.80088832,GM141,7A,M,07/11/2014,41950,41906,44,1,
CS031716_rlc.xlsx,WSK1075_GM141,0.5676,16.73492936,14.26129048,45.43857799,-18.92213276,GM141,7A,M,14/09/2015,42261,41906,355,1,
cs031816_rlc.xlsx,WSK1019_GM142,0.6723,17.07621228,13.62590367,46.42488869,-18.82550844,GM142,7A,M,26/06/2015,42181,42143,38,1,
CS031716_rlc.xlsx,WSK1021_GM144,0.6063,16.78282882,13.76185952,45.19348012,-18.77335013,GM144,7A,M,26/06/2015,42181,42143,38,1,
CS031716_rlc.xlsx,WSK1088_GM144,0.9209,16.73116544,14.85873471,44.49243456,-19.09569914,GM144,7A,M,14/09/2015,42261,42143,118,1,
CS031716_rlc.xlsx,WSK1023_GM146,0.4255,16.32359305,13.28242218,45.21038701,-19.02719773,GM146,7A,M,26/06/2015,42181,42143,38,1,
CS031716_rlc.xlsx,WSK1083_GM146,0.7274,16.78935867,14.68807577,45.07592273,-19.50025521,GM146,7A,M,14/09/2015,42261,42143,118,1,
cs021616rlc.xlsx,WSK1024_GM147,0.3173,16.19396584,13.84912152,44.97530942,-18.96028368,GM147,7A,M,26/06/2015,42181,42143,38,1,
CS031716_rlc.xlsx,WSK1032_GM148,0.7204,16.35798522,14.25233417,44.76253604,-19.02359738,GM148,7A,M,31/07/2015,42216,42143,73,1,
CS031716_rlc.xlsx,WSK1089_GM148,0.9473,16.74783832,14.88822168,44.53838675,-19.39775787,GM148,7A,M,14/09/2015,42261,42143,118,1,
cs021616rlc.xlsx,WSK263_HF125,0.478,16.51958333,11.83502413,45.0130398,-18.51183569,HF125,1H,F,17/05/2014,41776,39051,2725,1,
HM031015qc,WSK263/HF125,0.579,16.53017822,12.28538496,45.22116337,-18.38776399,HF125,1H,F,17/05/2014,41776,39051,2725,1,
CS021116rlc.xlsx,WSK378_HF125,0.7887,17.42312202,13.03135967,44.23460353,-18.78394527,HF125,1H,F,17/07/2014,41837,39051,2786,1,
CS021116rlc.xlsx,WSK395_HF125,0.7303,16.9442664,13.3236945,46.06435969,-18.44531891,HF125,1H,F,13/08/2014,41864,39051,2813,1,
cs021616rlc.xlsx,WSK503_HF125,0.6475,16.80915365,13.48611222,45.29723162,-18.03258967,HF125,1H,F,09/01/2015,42013,39051,2962,1,
hm022415qc,WSK081/HF178,0.285,17.29606198,12.24367562,47.83073442,-19.19325158,HF178,1H,F,05/11/2013,41583,39735,1848,1,
cs021616rlc.xlsx,WSK261_HF178,0.06,15.12601079,10.31390028,45.52770287,-20.22523395,HF178,1H,F,17/05/2014,41776,39735,2041,1,
HM031015qc,WSK261/HF178,0.75,15.51855952,12.20874838,42.19567105,-18.1286238,HF178,1H,F,17/05/2014,41776,39735,2041,1,
CS021116rlc.xlsx,WSK382_HF178,0.7107,16.80274214,13.5488414,45.29779842,-19.3280274,HF178,1H,F,17/07/2014,41837,39735,2102,1,
cs021216rlc.xlsx,WSK1065_HF178,0.517,16.02923468,13.29236557,45.36376553,-19.73455025,HF178,1H,F,08/09/2015,42255,39735,2520,1,
cs031816_rlc.xlsx,WSK1065_HF178,1.3109,16.51839053,13.40591106,43.60241905,-18.94115247,HF178,1H,F,08/09/2015,42255,39735,2520,1,
hm022415qc,WSK079/HF182,0.403,17.35251348,12.19394437,46.5062839,-18.39239782,HF182,1H,F,05/11/2013,41583,39884,1699,1,
hm031115qcr,WSK265/HF182,0.797,16.33235066,12.88046488,44.79340373,-18.94899665,HF182,1H,F,19/05/2014,41778,39884,1894,1,
CS021116rlc.xlsx,WSK376_HF182,1.0038,16.61021434,13.5369539,44.29695822,-19.25133405,HF182,1H,F,17/07/2014,41837,39884,1953,1,
CS021116rlc.xlsx,WSK398_HF182,0.6578,16.51570952,13.64284131,44.73740992,-19.06341945,HF182,1H,F,13/08/2014,41864,39884,1980,1,
cs021216rlc.xlsx,WSK398_HF182,1.2212,16.67101854,13.35370893,44.28398711,-18.85364309,HF182,1H,F,13/08/2014,41864,39884,1980,1,
cs031816_rlc.xlsx,WSK967_HF182,0.992,16.64388503,12.17467213,44.09643374,-19.12327673,HF182,1H,F,22/05/2015,42146,39884,2262,1,
cs021216rlc.xlsx,WSK1066_HF182,0.9464,16.94284044,13.54701274,45.35505845,-19.53701765,HF182,1H,F,08/09/2015,42255,39884,2371,1,
hm022415qc,WSK072/HF220,0.412,17.13586764,12.22144307,46.1494672,-18.11688769,HF220,1H,F,05/11/2013,41583,40492,1091,1,
cs021216rlc.xlsx,WSK260_HF220,0.2922,16.48480981,11.85829571,46.84823097,-17.93667071,HF220,1H,F,17/05/2014,41776,40492,1284,1,
HM031015qc,WSK260/HF220,0.668,15.9653448,12.20612323,44.96088654,-18.72535284,HF220,1H,F,17/05/2014,41776,40492,1284,1,
cs031816_rlc.xlsx,WSK383_HF220,1.1872,17.56250379,12.97120656,46.84344616,-18.63360684,HF220,1H,F,17/07/2014,41837,40492,1345,1,
hm022415qc,WSK073/HM240,0.406,17.5860532,12.67808865,46.14171519,-18.67475714,HF240,1H,F,05/11/2013,41583,41022,561,1,
hm031115qcr,WSK265/HF240,0.647,16.66247831,12.59969323,45.40148691,-18.85296773,HF240,1H,F,17/05/2014,41776,41022,754,1,
CS021116rlc.xlsx,WSK379_HF240,1.1828,16.81645398,13.40864523,44.29104356,-19.01685757,HF240,1H,F,17/07/2014,41837,41022,815,1,
cs031816_rlc.xlsx,WSK397_HF240,1.0192,17.71291287,13.13991409,47.24853459,-18.59006952,HF240,1H,F,13/08/2014,41864,41022,842,1,
CS021116rlc.xlsx,WSK459_HF240,0.9572,16.43473134,13.28764887,44.1417836,-18.61147842,HF240,1H,F,17/09/2014,41899,41022,877,1,
CS021116rlc.xlsx,WSK963_HF240,0.7656,18.7656841,11.9267753,50.76390554,-18.1546427,HF240,1H,F,21/05/2015,42145,41022,1123,1,
cs021216rlc.xlsx,WSK1063_HF240,0.5718,16.96178744,13.30545363,46.36049919,-19.70840969,HF240,1H,F,08/09/2015,42255,41022,1233,1,
hm022415qc,WSK082/HF242,0.551,17.19699217,13.02839419,46.19094657,-18.99030688,HF242,1H,F,05/11/2013,41583,41022,561,1,
HM031015qc,WSK262/HF242,0.848,16.01473568,12.07007384,43.84810657,-17.90595555,HF242,1H,F,17/03/2014,41715,41022,693,1,
cs021216rlc.xlsx,WSK375_HF242,0.9488,16.50312674,13.03781143,44.34814562,-19.41759346,HF242,1H,F,17/07/2014,41837,41022,815,1,
cs021616rlc.xlsx,WSK505_HF242,0.539,16.18574627,14.24930439,44.0386538,-19.02205769,HF242,1H,F,09/01/2015,42013,41022,991,1,
cs021216rlc.xlsx,WSK1064_HF242,1.1077,16.30986611,13.37529026,43.06587894,-19.14162038,HF242,1H,F,08/09/2015,42255,41022,1233,1,
hm022415qc,WSK071/HF248,0.552,16.30165724,12.7600187,45.4456253,-19.13446257,HF248,1H,F,05/11/2013,41583,41087,496,1,
hm031115qcr,WSK264/HF248,0.431,15.9188099,12.96045172,43.42385524,-19.44968664,HF248,1H,F,17/05/2014,41776,41087,689,1,
CS021116rlc.xlsx,WSK377_HF248,0.8993,16.7223099,13.34813208,44.48820834,-19.21253832,HF248,1H,F,17/07/2014,41837,41087,750,1,
CS021116rlc.xlsx,WSK399_HF248,0.7236,16.57712451,13.74484637,45.48347119,-19.09731793,HF248,1H,F,13/08/2014,41864,41087,777,1,
CS021116rlc.xlsx,WSK458_HF248,0.7386,16.43784306,12.87665901,44.63054158,-18.50154262,HF248,1H,F,17/09/2014,41899,41087,812,1,
cs021616rlc.xlsx,WSK500_HF248,0.674,16.32655067,14.1465727,44.02132831,-19.0342324,HF248,1H,F,09/01/2015,42013,41087,926,1,
cs021216rlc.xlsx,WSK964_HF248,1.3113,14.92945864,11.91763046,39.62129537,-19.26894819,HF248,1H,F,21/05/2015,42145,41087,1058,1,
hm022415qc,WSK080/HF251,0.748,17.03798049,12.68632135,46.6951666,-18.75352567,HF251,1H,F,05/11/2013,41583,41087,496,1,
hm031115qcr,WSK214/HF251,0.413,16.70346011,13.62753912,46.11260569,-19.46788573,HF251,1H,F,27/02/2014,41697,41087,610,1,
CS021116rlc.xlsx,WSK388_HF260,0.6161,16.92392503,13.47282674,45.4988347,-19.65273414,HF260,1H,F,17/07/2014,41837,41431,406,1,
CS021116rlc.xlsx,WSK394_HF260,1.0841,17.07555437,13.74619304,45.61388525,-19.38110136,HF260,1H,F,13/08/2014,41864,41431,433,1,
cs021616rlc.xlsx,WSK502_HF260,0.605,16.33001614,14.0863239,43.82397789,-19.29615519,HF260,1H,F,09/01/2015,42013,41431,582,1,
cs021216rlc.xlsx,WSK1064_HF260,0.8572,15.93700032,13.43196946,43.36419497,-19.67518932,HF260,1H,F,08/09/2015,42255,41431,824,1,
CS021116rlc.xlsx,WSK380_HF261,0.4559,16.40279804,13.53834027,45.50603927,-19.55942479,HF261,1H,F,17/07/2014,41837,41431,406,1,
CS021116rlc.xlsx,WSK396_HF261,0.5077,16.46519437,13.71660529,46.06997701,-19.38298439,HF261,1H,F,13/08/2014,41864,41431,433,1,
cs021616rlc.xlsx,WSK506_HF261,0.455,16.64183499,13.58995648,44.55858192,-18.91594745,HF261,1H,F,09/01/2015,42013,41431,582,1,
CS021116rlc.xlsx,WSK962_HF261,0.9512,11.01117492,12.31139741,30.47009924,-19.05632992,HF261,1H,F,21/05/2015,42145,41431,714,1,
hm022415qc,WSK151/HF274,0.629,16.6067229,13.01749023,45.07393634,-18.69435161,HF274,1H,F,19/11/2013,41597,41552,45,1,
hm031115qcr,WSK255/HF276,0.419,16.24772517,13.23112641,45.13156274,-18.42392062,HF276,1H,F,10/05/2014,41769,41740,29,1,
cs021216rlc.xlsx,WSK389_HF276,0.8338,16.6295596,13.42616865,44.80592906,-19.80519035,HF276,1H,F,17/07/2014,41837,41740,97,1,
cs021616rlc.xlsx,WSK498_HF276,1.002,17.80186575,14.25619156,47.18520804,-18.89968734,HF276,1H,F,09/01/2015,42013,41740,273,1,
cs021216rlc.xlsx,WSK968_HF276,1.6957,15.94490955,12.62565626,41.99975586,-19.12446373,HF276,1H,F,22/05/2015,42146,41740,406,1,
cs021216rlc.xlsx,WSK1069_HF276,1.2969,16.66919697,14.04073847,44.00256616,-19.25476909,HF276,1H,F,09/09/2015,42256,41740,516,1,
hm031115qcr,WSK256/HF277,0.507,16.73022271,12.78193507,45.5178657,-18.35626166,HF277,1H,F,10/05/2014,41769,41740,29,1,
cs021216rlc.xlsx,WSK372_HF284,0.6262,16.50652696,13.305781,44.99548206,-19.60243181,HF284,1H,F,17/07/2014,41837,41808,29,1,
cs021216rlc.xlsx,WSK373_HF285,0.4592,16.14624511,13.47132875,44.61037237,-19.64826088,HF285,1H,F,17/07/2014,41837,41808,29,1,
cs021616rlc.xlsx,WSK496_HF285,0.88,16.87000604,14.16443582,44.30393607,-19.21774428,HF285,1H,F,09/01/2015,42013,41808,205,1,
cs021216rlc.xlsx,WSK959_HF285,0.9787,17.03027456,11.85515084,45.33067145,-19.33301231,HF285,1H,F,21/05/2015,42145,41808,337,1,
cs021216rlc.xlsx,WSK1066_HF285,0.974,16.48054224,13.79854445,44.39144101,-19.58914089,HF285,1H,F,08/09/2015,42255,41808,447,1,
cs031816_rlc.xlsx,WSK374_HF286,0.5543,16.62157251,13.83912491,45.29483484,-19.47410675,HF286,1H,F,17/07/2014,41837,41808,29,1,
cs021216rlc.xlsx,WSK1067_HF294,0.8284,15.60489267,13.58598121,41.9391737,-19.4739205,HF294,1H,F,08/09/2015,42255,41927,328,1,
CS030416_rlc.xlsx,WSK977_HF303,0.6261,16.04113148,12.46643254,43.86646782,-19.6518388,HF303,1H,F,23/05/2015,42147,42114,33,1,
cs021216rlc.xlsx,WSK1070_HF303,0.792,16.62796907,14.08727764,45.00472766,-20.01433497,HF303,1H,F,09/09/2015,42256,42114,142,1,
cs021216rlc.xlsx,WSK978_HF305,1.099,16.40739467,12.15486344,43.69339524,-19.37722293,HF305,1H,F,23/05/2015,42147,42114,33,1,
cs021216rlc.xlsx,WSK1071_HF305,1.1471,15.76729441,14.0329527,42.13523743,-19.95790324,HF305,1H,F,09/09/2015,42256,42114,142,1,
hm022615qc,WSK013/HM069,0.265,18.17708427,11.16097004,47.54360667,-19.46789255,HM069,1H,M,11/09/2013,41528,37925,3603,1,
HM031015qc,WSK034/HM069,0.382,15.84313216,12.13002055,43.90862849,-18.46351189,HM069,17,M,22/10/2013,41569,37925,3644,1,
hm031115qcr,WSK248/HM069,0.639,16.52126433,10.97599479,46.2704768,-18.55011101,HM069,1H,M,25/04/2014,41754,37925,3829,1,
cs021216rlc.xlsx,WSK528_HM069,0.7632,15.71629114,12.18051555,44.2665112,-19.62392467,HM069,1H,M,14/01/2015,42018,37925,4093,1,
HM031015qc,WSK032/HM092,0.592,13.47465594,12.30347998,39.91113986,-18.76250863,HM092,17,M,22/10/2013,41569,38461,3108,1,fixed
hm031115qcr,WSK092/HM092,0.218,16.51923422,10.91716637,48.31503882,-19.03072132,HM092,17,M,25/04/2014,41754,38461,3293,1,
cs021216rlc.xlsx,WSK527_HM092,0.6621,15.32046473,12.25309739,42.57463815,-19.95732762,HM092,17,M,14/01/2015,42018,38461,3557,1,
CS021116rlc.xlsx,WSK391_HM117,0.7877,16.77943607,13.59458152,45.2419637,-18.97928828,HM117,1H,M,18/07/2014,41838,38854,2984,1,
cs021616rlc.xlsx,WSK495_HM117,0.519,16.71255212,13.86079159,45.02295089,-19.05915847,HM117,1H,M,09/01/2015,42013,38854,3159,1,
CS021116rlc.xlsx,WSK970_HM117,0.6738,17.23770702,11.654022,46.691679,-17.36084388,HM117,1H,M,22/05/2015,42146,38854,3292,1,
hm031115qcr,WSK210/HM180,0.463,16.69061189,13.25203629,45.92809372,-19.05295415,HM180,1H,M,27/02/2014,41697,39735,1962,1,
cs021216rlc.xlsx,WSK390_HM180,0.8761,16.4140501,13.08057908,43.54263625,-19.72800348,HM180,1H,M,18/07/2014,41838,39735,2103,1,
cs021616rlc.xlsx,WSK507_HM180,0.349,14.29109966,14.17884422,39.84981794,-19.69722853,HM180,1H,M,09/01/2015,42013,39735,2278,1,
cs021616rlc.xlsx,WSK969_HM180,1.2258,15.48726055,12.72810165,40.60563265,-19.9182495,HM180,1H,M,22/05/2015,42146,39735,2411,1,
cs021616rlc.xlsx,WSK494_HM195,0.729,16.44596983,13.39280281,44.45854317,-18.99236977,HM195,1H,M,09/01/2015,42013,40165,1848,1,
hm031115qcr,WSK211/HM216,0.531,16.71059521,13.30924774,46.05661395,-18.87750445,HM216,1H,M,27/02/2014,41697,40492,1205,1,
CS021116rlc.xlsx,WSK393_HM216,1.1262,16.7743769,13.50948353,44.86891543,-19.11337017,HM216,1H,M,18/07/2014,41838,40492,1346,1,
cs021616rlc.xlsx,WSK501_HM216,0.614,15.8296303,13.45627986,44.09652857,-19.0790595,HM216,1H,M,09/01/2015,42013,40492,1521,1,
CS021116rlc.xlsx,WSK976_HM216,0.8458,15.93730829,12.29802936,43.46033461,-19.23425117,HM216,1H,M,23/05/2015,42147,40492,1655,1,
HM031015qc,WSK153/HM217,0.713,16.44118846,12.95605471,45.00944972,-18.8302522,HM217,1H,M,19/11/2013,41597,40492,1105,1,
CS021116rlc.xlsx,WSK392_HM217,0.8716,16.88861257,13.38080135,45.04097136,-19.19114914,HM217,1H,M,18/07/2014,41838,40492,1346,1,
cs021616rlc.xlsx,WSK504_HM217,0.571,16.74698458,13.9520112,44.50647643,-18.90707771,HM217,1H,M,09/01/2015,42013,40492,1521,1,
CS021116rlc.xlsx,WSK965_HM217,0.9362,13.935726,12.15358499,37.27736914,-19.31600997,HM217,1H,M,21/05/2015,42145,40492,1653,1,
hm031115qcr,WSK209/HM222,0.806,16.87916794,13.05798419,45.48096198,-19.04642095,HM222,1H,M,27/02/2014,41697,40492,1205,1,
CS021116rlc.xlsx,WSK381_HM222,0.4346,16.5409482,13.38066724,45.60915013,-19.78670094,HM222,1H,M,17/07/2014,41837,40492,1345,1,
cs021216rlc.xlsx,WSK1074_HM222,1.2006,16.5543733,13.84096251,43.91449932,-19.89927507,HM222,1H,M,09/09/2015,42256,40492,1764,1,
hm031115qcr,WSK212/HM223,0.728,17.13631956,13.34085437,44.70035783,-18.61200249,HM223,1H,M,27/02/2014,41697,40492,1205,1,
CS021116rlc.xlsx,WSK385_HM223,0.682,17.12116335,13.13228254,45.79816813,-19.49270018,HM223,1H,M,17/07/2014,41837,40492,1345,1,
CS021116rlc.xlsx,WSK966_HM223,0.9378,13.45321782,12.42267632,37.96766881,-19.24898637,HM223,1H,M,21/05/2015,42145,40492,1653,1,
cs031816_rlc.xlsx,WSK387_HM241,0.8566,16.79205682,13.26967519,44.24002232,-19.47384781,HM241,1H,M,17/07/2014,41837,41022,815,1,
cs021216rlc.xlsx,WSK384_HM246,0.7104,16.36943564,12.99141992,43.94159378,-19.81156465,HM246,1H,M,17/07/2014,41837,41022,815,1,
cs021616rlc.xlsx,WSK974_HM246,0.5943,12.19818619,14.01557961,32.99507775,-19.42538568,HM246,1H,M,09/01/2015,42013,41022,991,1,
cs021616rlc.xlsx,WSK974_HM246,1.0201,15.63788726,12.11926473,42.45406266,-19.44773532,HM246,1H,M,22/05/2015,42146,41022,1124,1,
cs021216rlc.xlsx,WSK1068_HM246,0.9575,16.40706366,14.02559409,44.07549278,-19.69913634,HM246,1H,M,09/09/2015,42256,41022,1234,1,
hm022415qc,WSK149/HM272,0.477,16.88514188,13.16051676,45.79269821,-18.67734285,HM272,1H,M,19/11/2013,41597,41552,45,1,
hm022415qc,WSK150/HM272,0.436,16.7399069,13.08531421,45.32558939,-18.92727161,HM272,1H,M,19/11/2013,41597,41552,45,1,
HM031015qc,WSK152/HM275,0.549,15.95304994,12.65768626,44.96837156,-18.97071516,HM275,1H,M,19/11/2013,41597,41552,45,1,
hm031115qcr,WSK213/HM275,0.327,16.68189876,13.73995527,46.26140357,-20.38042561,HM275,1H,M,27/02/2014,41697,41552,145,1,
CS021116rlc.xlsx,WSK386_HM275,0.4346,16.36576284,13.53708586,45.89645818,-19.87593686,HM275,1H,M,17/07/2014,41837,41552,285,1,
cs021616rlc.xlsx,WSK493_HM275,0.418,14.89037949,13.97780469,41.29429085,-19.57326355,HM275,1H,M,09/01/2015,42013,41552,461,1,
cs021616rlc.xlsx,WSK971_HM275,0.4298,15.61442288,12.25334163,43.50601999,-19.60447119,HM275,1H,M,22/05/2015,42146,41552,594,1,
cs021216rlc.xlsx,WSK1062_HM275,1.1532,16.25141601,14.0407611,43.74419071,-19.67238711,HM275,1H,M,08/09/2015,42255,41552,703,1,
hm031115qcr,WSK257/HM278,0.339,16.87007908,12.98877752,46.53688685,-18.66319862,HM278,1H,M,10/05/2014,41769,41740,29,1,
cs021616rlc.xlsx,WSK972_HM291,0.5489,15.62737559,12.11391682,42.78806755,-19.69913293,HM291,1H,M,22/05/2015,42146,41927,219,1,
cs021216rlc.xlsx,WSK1072_HM291,0.9417,16.77284723,13.99813866,44.92886326,-19.81111496,HM291,1H,M,09/09/2015,42256,41927,329,1,
cs021216rlc.xlsx,WSK973_HM293,1.2595,16.18156847,11.86332954,43.15376236,-19.4627114,HM293,1H,M,22/05/2015,42146,41927,219,1,
cs031816_rlc.xlsx,WSK979_HM307,0.8386,16.71109995,12.16416234,44.72082431,-19.18053971,HM307,1H,M,23/05/2015,42147,42114,33,1,
hm022615qc,WSK067/MM002,0.591,14.22254014,10.6419693,40.22026337,-19.46020207,MM002,4E,M,25/10/2013,41572,40995,577,0,
CS021116rlc.xlsx,WSK317_MM002,0.3122,16.40247484,10.54976886,46.94675298,-19.83066266,MM002,4E,M,20/06/2014,41810,40995,815,0,
hm022415qc,WSK070/MM004,0.784,16.37444548,10.73449192,44.00272165,-19.6977307,MM004,4E,M,25/10/2013,41572,41143,429,0,
cs031816_rlc.xlsx,WSK319_MM004,1.5925,16.85087239,11.30439084,44.63061501,-19.84957256,MM004,4E,M,20/06/2014,41810,41143,667,0,
cs031816_rlc.xlsx,WSK320_MM007,0.5994,16.36061078,11.45466544,45.12676972,-20.38654888,MM007,4E,M,20/06/2014,41810,41810,0,1,
hm031115qcr,WSK245/SF017,0.496,16.82958319,11.26073062,45.98446186,-18.42702617,SF017,17,F,25/04/2014,41754,40413,1341,0,
CS031716_rlc.xlsx,WSK831_SF017,0.6891,16.28979352,12.75819044,44.59181641,-19.165508,SF017,17,F,14/01/2015,42018,40413,1605,0,
hm031115qcr,WSK246/SF024,0.538,16.25446528,11.75537349,44.53289032,-18.86866011,SF024,17,F,25/04/2014,41754,40737,1017,0,
CS031716_rlc.xlsx,WSK853_SF024,0.1873,16.90359977,12.90762761,47.73441805,-19.75309045,SF024,17,F,14/01/2015,42018,40737,1281,0,
HM031015qc,WSK030/SF034,0.58,15.20077371,12.07824087,42.6043442,-18.7305845,SF034,17,F,22/10/2013,41569,41218,351,1,
hm031115qcr,WSK250/SF034,0.38,17.01982332,11.47818376,47.6852341,-19.01399277,SF034,17,F,25/04/2014,41754,41218,536,1,
CS031716_rlc.xlsx,WSK832_SF034,0.6264,16.80110129,12.65915384,45.61938556,-19.51728915,SF034,17,F,14/01/2015,42018,41218,800,1,
HM031015qc,WSK031a/SF038,0.317,15.43198525,12.28701622,43.27774103,-18.97564995,SF038,17,F,22/10/2013,41569,41218,351,1,
HM031015qc,WSK031b/SF038,0.454,15.57005689,11.92616228,43.80318789,-18.82083886,SF038,17,F,22/10/2013,41569,41218,351,1,
hm031115qcr,WSK253/SF038,0.717,15.98480977,11.57216744,44.60311784,-19.10535981,SF038,17,F,25/04/2014,41754,41218,536,1,
cs021616rlc.xlsx,WSK498_SF038,0.621,16.28639396,12.61119932,44.6998338,-19.68849615,SF038,17,F,22/11/2014,41965,41218,747,1,
HM031015qc,WSK028/SF045,0.283,16.50188655,12.49154233,45.20779463,-19.31505898,SF045,17,F,22/10/2013,41569,41390,179,1,
HM031015qc,WSK035/SM009,0.505,14.25493153,12.53548672,40.599203,-18.21774954,SM009,17,M,22/10/2013,41569,39706,1863,1,
hm031115qcr,WSK254/SM009,0.881,15.68975254,11.6483354,43.36409848,-18.36252,SM009,17,M,25/04/2014,41754,39706,2048,1,
hm022615qc,WSK014/SM013,0.62,17.04037002,11.96659605,46.45505663,-19.00858913,SM013,17,M,11/09/2013,41528,39706,1822,1,
HM031015qc,WSK033/SM013,0.751,14.30679675,12.33007211,40.71576666,-18.5149962,SM013,17,M,22/10/2013,41569,39706,1863,1,
hm031115qcr,WSK247/SM013,0.912,16.50434554,11.3011503,45.08132226,-18.41942126,SM013,17,M,25/04/2014,41754,39706,2048,1,
CS031716_rlc.xlsx,WSK329_SM013,0.9956,15.72779856,11.36765516,42.50314396,-19.32474878,SM013,17,M,27/06/2014,41817,39706,2111,1,
cs021616rlc.xlsx,WSK495_SM013,1.1257,15.82804566,12.48350302,42.23685491,-19.38662505,SM013,17,M,22/11/2014,41965,39706,2259,1,
CS031716_rlc.xlsx,WSK830_SM013,1.7656,16.53783591,12.9493276,43.18322164,-19.09402838,SM013,17,M,14/01/2015,42018,39706,2312,1,
hm022615qc,WSK106/SM018,0.752,16.9456231,11.88808519,46.29566764,-18.56719904,SM018,17,M,08/11/2013,41586,40413,1173,0,
HM031015qc,WSK037/SM021,0.568,16.59849175,12.93191818,45.33189086,-18.17640812,SM021,17,M,22/10/2013,41569,40674,895,1,
hm031115qcr,WSK252/SM021,0.809,15.65142965,11.28013538,43.20428299,-18.57408234,SM021,17,M,25/04/2014,41754,40674,1080,1,
cs021616rlc.xlsx,WSK496_SM021,0.6401,17.40763718,12.28799693,47.27961814,-19.26142486,SM021,17,M,22/11/2014,41965,40674,1291,1,
HM031015qc,WSK036/SM028,0.282,16.82009925,12.37219779,46.61715885,-18.53812019,SM028,17,M,22/10/2013,41569,40795,774,1,
HM031015qc,WSK029/SM037,0.618,16.07703653,12.64939644,44.41060776,-18.90533787,SM037,17,M,22/10/2013,41569,41218,351,1,
hm031115qcr,WSK249/SM037,0.785,16.63122822,11.63623127,45.82706803,-18.84049236,SM037,17,M,25/04/2014,41754,41218,536,1,
hm022615qc,WSK107/SM039,0.671,17.05875187,12.62272317,46.35858494,-18.69357521,SM039,17,M,08/11/2013,41586,41218,368,1,
hm031115qcr,WSK251/SM039,0.663,15.75042148,11.75059421,43.694448,-18.88852187,SM039,17,M,25/04/2014,41754,41218,536,1,
cs021616rlc.xlsx,WSK497_SM039,0.7215,26.21307756,12.8102207,71.18466095,-19.60551597,SM039,17,M,22/11/2014,41965,41218,747,1,
CS031716_rlc.xlsx,WSK529_SM039,1.4734,16.3465293,13.14255989,43.38124067,-19.5407477,SM039,17,M,14/01/2015,42018,41218,800,1,
cs031816_rlc.xlsx,WSK330_SM050,0.7356,16.32771579,11.82221349,44.71826297,-19.7644574,SM050,17,M,27/06/2014,41817,41782,35,1,
hm031115qcr,WSK232/TF249,0.608,16.472524,10.34953416,45.0910539,-17.39353109,TF249,2,F,14/03/2014,41712,39723,1989,1,
hm022415qc,WSK089/TF284,0.262,17.073407,10.61816404,45.11823337,-18.30963641,TF284,2,F,07/11/2013,41585,40353,1232,1,
hm031115qcr,WSK233/TF284,0.612,15.57677573,9.671751546,44.06463369,-17.34900405,TF284,2,F,14/03/2014,41712,40353,1359,1,
CS030416_rlc.xlsx,WSK350_TF284,1.0169,16.27880987,10.55765701,43.65244222,-17.49947088,TF284,2,F,08/07/2014,41828,40353,1475,1,
hm022415qc,WSK086/TF285,0.919,10.0273872,10.57477695,27.46241732,-17.99948889,TF285,2,F,07/11/2013,41585,40353,1232,1,
cs021616rlc.xlsx,WSK421_TF285,0.4301,16.36215867,9.902750851,44.98869287,-16.97709229,TF285,2,F,05/09/2014,41887,40353,1534,1,
hm022415qc,WSK092/TF297,0.379,17.46787522,10.67970349,47.58284459,-18.12399944,TF297,2,F,07/11/2013,41585,41020,565,1,
hm031115qcr,WSK240/TF297,0.398,16.34173595,10.35016762,45.11563786,-17.40223706,TF297,2,F,14/03/2014,41712,41020,692,1,
cs021616rlc.xlsx,WSK347_TF297,0.777,16.30072731,10.42371504,44.33579919,-17.56614844,TF297,2,F,08/07/2014,41828,41020,808,1,
CS030416_rlc.xlsx,WSK418_TF297,0.5197,16.6636464,10.32157625,46.46648151,-17.55312454,TF297,2,F,05/09/2014,41887,41020,867,1,
cs021616rlc.xlsx,WSK991_TF297,0.623,16.35049458,9.828697835,43.79673351,-17.15097545,TF297,2,F,22/06/2015,42177,41020,1157,1,
hm022415qc,WSK088/TF298,0.735,16.87405951,10.68098856,46.13882965,-17.88670213,TF298,2,F,07/11/2013,41585,41020,565,1,
hm031115qcr,WSK230/TF298,0.514,15.63181001,10.18612823,43.94022179,-17.24416751,TF298,2,F,14/03/2014,41712,41020,692,1,
CS030416_rlc.xlsx,WSK348_TF298,0.9447,16.1031696,10.80678584,43.79170398,-16.85275688,TF298,2,F,08/07/2014,41828,41020,808,1,
cs021616rlc.xlsx,WSK492_TF298,0.86,16.40684804,9.393595166,44.62647118,-16.16568741,TF298,2,F,19/11/2014,41962,41020,942,1,
CS030416_rlc.xlsx,WSK857_TF298,1.7299,16.22155036,10.35281895,42.24290227,-16.86069786,TF298,2,F,23/01/2015,42027,41020,1007,1,
hm022415qc,WSK090/TF299,0.637,17.2764704,10.62173517,46.5048359,-17.469248,TF299,2,F,07/11/2013,41585,41020,565,1,
hm031115qcr,WSK299/TF299,1.045,16.20238484,10.06371569,44.68261298,-16.97216072,TF299,2,F,14/03/2014,41712,41020,692,1,
cs021616rlc.xlsx,WSK343_TF299,0.7826,16.42561855,10.05128877,44.62507245,-16.96185659,TF299,2,F,08/07/2014,41828,41020,808,1,
CS030416_rlc.xlsx,WSK416_TF299,1.6445,16.10074689,9.970951713,41.81650526,-16.81541363,TF299,2,F,04/09/2014,41886,41020,866,1,
hm022415qc,WSK087/TF319,0.438,16.96298069,11.3732184,45.85170573,-18.29061615,TF319,2,F,07/11/2013,41585,41096,489,1,
hm031115qcr,WSK239/TF319,0.914,15.59265309,10.77038372,41.76766874,-17.58650086,TF319,2,F,14/03/2014,41712,41096,616,1,
CS030416_rlc.xlsx,WSK351_TF319,0.6881,16.36606045,10.55130699,44.79517551,-17.72751144,TF319,2,F,08/07/2014,41828,41096,732,1,
cs021616rlc.xlsx,WSK491_TF319,0.685,16.62645738,9.942836417,45.441425,-17.01639406,TF319,2,F,19/11/2014,41962,41096,866,1,
CS030416_rlc.xlsx,WSK986_TF319,1.7265,16.05881251,10.77445604,41.89486118,-17.26340605,TF319,2,F,22/06/2015,42177,41096,1081,1,
CS030416_rlc.xlsx,WSK1058_TF319,1.9342,15.9858772,10.70561912,41.51642861,-17.03640664,TF319,2,F,03/09/2015,42250,41096,1154,1,
hm022415qc,WSK093/TF321,0.342,16.7877913,10.21591619,46.81507889,-19.16193708,TF321,2,F,07/11/2013,41585,41096,489,1,
hm031115qcr,WSK226/TF321,0.775,16.05537809,10.21318889,44.41047284,-17.46271784,TF321,2,F,14/03/2014,41712,41096,616,1,
CS030416_rlc.xlsx,WSK856_TF321,1.4379,16.31538772,10.3385819,42.65161563,-17.09670639,TF321,2,F,23/01/2015,42027,41096,931,1,
hm022415qc,WSK091/TF322,0.583,16.55204406,10.73482785,45.85236624,-18.19453556,TF322,2,F,07/11/2013,41585,41096,489,1,
hm031115qcr,WSK241/TF322,0.844,15.78043643,10.53772849,43.43413304,-17.0085441,TF322,2,F,14/03/2014,41712,41096,616,1,
CS030416_rlc.xlsx,WSK353_TF322,1.0779,16.32287257,10.9066916,44.09762239,-16.98241872,TF322,2,F,08/07/2014,41828,41096,732,1,
CS030416_rlc.xlsx,WSK417_TF322,0.8611,15.99227937,9.963107181,43.42378715,-17.09454491,TF322,2,F,04/09/2014,41886,41096,790,1,
CS030416_rlc.xlsx,WSK990_TF322,0.884,15.93478822,10.4340247,43.29625683,-17.77265073,TF322,2,F,22/06/2015,42177,41096,1081,1,
CS030416_rlc.xlsx,WSK1060_TF322,0.8909,16.2652391,10.30703434,43.74912617,-17.36791852,TF322,2,F,03/09/2015,42250,41096,1154,1,
hm022615qc,WSK096/TF1334,0.573,15.77376374,11.15854855,41.03040192,-17.52958998,TF334,2,F,07/11/2013,41585,41300,285,1,
hm031115qcr,WSK243/TF334,0.64,16.56570957,10.32559545,44.91177497,-16.81750758,TF334,2,F,14/03/2014,41712,41300,412,1,
cs021616rlc.xlsx,WSK349_TF334,1.1358,15.9634776,11.01992731,42.29625832,-17.1117257,TF334,2,F,08/07/2014,41828,41300,528,1,
CS021116rlc.xlsx,WSK852_TF334,0.6989,15.55213685,9.434110605,40.85796654,-16.39531706,TF334,2,F,21/01/2015,42025,41300,725,1,
hm022615qc,WSK168/TF368,0.433,17.5978835,11.57192763,48.56169794,-17.8597172,TF368,2,F,10/01/2014,41649,41612,37,1,
CS030416_rlc.xlsx,WSK869_TF372,0.9936,15.68703223,10.54688037,42.56512905,-18.05124422,TF372,2,F,21/01/2015,42025,41845,180,1,
CS021116rlc.xlsx,WSK420_TF374,0.6721,16.54956638,10.81689264,44.82448101,-17.44260143,TF374,2,F,05/09/2014,41887,41845,42,1,
cs021216rlc.xlsx,WSK848_TF374,1.1774,16.9614921,10.26798551,45.09259571,-17.66435092,TF374,2,F,21/01/2015,42025,41845,180,1,
cs021616rlc.xlsx,WSK992_TF374,0.6821,16.21632126,10.71935517,43.90729536,-16.9304894,TF374,2,F,22/06/2015,42177,41845,332,1,
cs021216rlc.xlsx,WSK1056_TF374,1.3432,16.35349796,10.51048468,43.25545927,-16.87688684,TF374,2,F,03/09/2015,42250,41845,405,1,
CS030416_rlc.xlsx,WSK425_TF376,0.1859,16.61407801,11.01570821,47.26103103,-18.2329725,TF376,2,F,05/09/2014,41887,41845,42,1,
CS030416_rlc.xlsx,WSK426_TF377,0.6356,15.69118309,10.86134327,43.89616321,-17.58410101,TF377,2,F,05/09/2014,41887,41845,42,1,
cs021216rlc.xlsx,WSK853_TF381,1.1326,17.1982481,10.58878494,45.02729396,-17.98620454,TF381,2,F,21/01/2015,42025,41845,180,1,
cs021616rlc.xlsx,WSK988_TF381,0.5397,15.99131728,10.01025451,43.28384335,-17.56082534,TF381,2,F,22/06/2015,42177,41845,332,1,
CS030416_rlc.xlsx,WSK1057_TF381,1.4455,16.21207789,10.24057416,42.34010715,-17.63475691,TF381,2,F,03/09/2015,42250,41845,405,1,
CS030416_rlc.xlsx,WSK477_TF385,0.7287,15.13486902,10.8861513,43.94146405,-17.64755161,TF385,2,F,10/11/2014,41953,41917,36,1,
CS030416_rlc.xlsx,WSK485_TF393,1.4366,15.99828171,11.24869382,42.61102058,-17.23660971,TF393,2,F,10/11/2014,41953,41917,36,1,
CS030416_rlc.xlsx,WSK486_TF394,1.3522,16.10645196,10.99515784,42.94515415,-17.36649114,TF394,2,F,10/11/2014,41953,41917,36,1,
cs021616rlc.xlsx,WSK487_TF395,0.5686,16.60192434,11.08212703,45.9801886,-17.37063027,TF395,2,F,19/11/2014,41962,41917,45,1,
cs021616rlc.xlsx,WSK488_TF396,0.499,16.2602487,11.12400106,45.32307208,-17.44713989,TF396,2,F,19/11/2014,41962,41917,45,1,
cs021616rlc.xlsx,WSK490_TF399,0.512,16.15442998,10.98822588,43.83900553,-17.1795468,TF399,2,F,19/11/2014,41962,41917,45,1,
CS030416_rlc.xlsx,WSK997_TF432,0.7416,15.55390377,10.7928351,43.1076436,-17.65877945,TF432,2,F,22/06/2015,42177,42136,41,1,
CS030416_rlc.xlsx,WSK1037_TF432,1.2063,16.16752742,10.29132801,43.13393925,-18.58644363,TF432,2,F,13/08/2015,42229,42136,93,1,
cs021616rlc.xlsx,WSK998_TF433,0.8606,14.9050528,10.79836633,41.53991315,-17.75119776,TF433,2,F,22/06/2015,42177,42136,41,1,
CS030416_rlc.xlsx,WSK1038_TF433,1.3552,16.08049065,10.2761606,42.84230847,-18.35134045,TF433,2,F,14/08/2015,42230,42136,94,1,
cs021616rlc.xlsx,WSK1005_TF440,0.4525,15.77977767,10.86257763,43.34248625,-17.69732765,TF440,2,F,22/06/2015,42177,42136,41,1,
cs021216rlc.xlsx,WSK1045_TF440,1.1644,16.4993593,10.53448081,44.04754119,-18.55450214,TF440,2,F,26/08/2015,42242,42136,106,1,
cs031816_rlc.xlsx,WSK1095_TF448,0.5321,16.65921108,10.85380085,45.89746808,-17.64320813,TF448,2,F,26/10/2015,42303,42282,21,1,
hm022615qc,WSK101/TM233,0.457,17.08562503,10.29008775,46.43973022,-18.05603697,TM233,2,M,07/11/2013,41585,39659,1926,1,
CS021116rlc.xlsx,WSK422_TM233,1.0941,16.80378068,10.45447452,43.95442026,-16.40685448,TM233,2,M,05/09/2014,41887,39659,2228,1,
cs021616rlc.xlsx,WSK897_TM233,0.3702,15.71564727,10.72443118,43.87904204,-17.72176122,TM233,2,M,22/04/2015,42116,39659,2457,1,
hm022415qc,WSK097/TM336,0.413,17.27551506,9.85448396,47.26169212,-17.23613133,TM236,2,M,07/11/2013,41585,39723,1862,1,
hm031115qcr,WSK234/TM236,0.837,15.40249726,9.86590818,42.87090041,-16.38615821,TM236,2,M,14/03/2014,41712,39723,1989,1,
hm022615qc,WSK095/TM272,0.642,15.80106524,10.66071438,43.06962908,-16.86313744,TM272,2,M,07/11/2013,41585,40211,1374,1,
hm031115qcr,WSK238/TM272,0.661,16.62602306,10.14623145,45.98768839,-16.78245098,TM272,2,M,14/03/2014,41712,40211,1501,1,
cs021616rlc.xlsx,WSK346_TM272,0.8914,16.35649728,10.88367689,44.25228093,-17.05259961,TM272,2,M,08/07/2014,41828,40211,1617,1,
hm022415qc,WSK094/TM279,0.394,17.10294549,10.41464928,46.57993308,-17.4258805,TM279,2,M,07/11/2013,41585,40283,1302,1,
CS021116rlc.xlsx,WSK352_TM279,0.7887,16.17511469,10.58610341,44.08587166,-15.96722182,TM279,2,M,08/07/2014,41828,40283,1545,1,
hm022615qc,WSK169/TM283,0.755,17.54186483,9.690996551,47.45812561,-16.91243041,TM283,2,M,10/01/2014,41649,40353,1296,1,
hm031115qcr,WSK236/TM283,0.83,16.78317527,9.809802653,46.83679966,-17.42937993,TM283,2,M,14/03/2014,41712,40353,1359,1,
CS021116rlc.xlsx,WSK429_TM283,1.5846,16.26191255,10.23952432,42.86099903,-16.29861013,TM283,2,M,05/09/2014,41887,40353,1534,1,
hm022615qc,WSK103/TM286,0.596,17.3154289,10.35464816,46.11365129,-17.81076795,TM286,2,M,07/11/2013,41585,40353,1232,1,
hm022615qc,WSK100/TM300,0.489,17.92502159,10.36656502,47.26143103,-17.74724415,TM300,2,M,07/11/2013,41585,41020,565,1,
hm031115qcr,WSK242/TM300,0.63,16.75445394,9.974525024,45.60943675,-17.36721612,TM300,2,M,14/03/2014,41712,41020,692,1,
cs021216rlc.xlsx,WSK341_TM300,0.8829,16.40587557,9.858687063,44.24485176,-17.26805494,TM300,2,M,08/07/2014,41828,41020,808,1,
hm031115qcr,WSK231/TM304,0.74,15.64750104,10.31632207,44.25335906,-17.63900255,TM304,2,M,14/03/2014,41712,41020,692,1,
cs021616rlc.xlsx,WSK342_TM304,0.615,16.67005797,11.48801317,45.59246644,-17.203323,TM304,2,M,08/07/2014,41828,41020,808,1,
CS030416_rlc.xlsx,WSK418_TM304,1.3384,15.53682507,10.96026451,41.34042794,-16.70247324,TM304,2,M,04/09/2014,41886,41020,866,1,
hm022415qc,WSK085/TM307,0.798,16.80599718,10.70379764,45.88688306,-17.29501904,TM307,2,M,07/11/2013,41585,41020,565,1,
hm031115qcr,WSK227/TM307,0.931,15.15143653,10.20105836,42.95160529,-17.03735109,TM307,2,M,14/03/2014,41712,41020,692,1,
CS021116rlc.xlsx,WSK987_TM307,0.7903,16.31712842,10.38301821,45.01871631,-17.01283963,TM307,2,M,22/06/2015,42177,41020,1157,1,
hm022615qc,WSK011/TM309,0.726,16.8985256,9.586328763,45.74479109,-17.1107458,TM309,2,M,07/09/2013,41524,41020,504,1,
hm022415qc,WSK105/TM309,0.679,16.67857682,10.60955762,42.9712204,-17.57924242,TM309,2,M,07/11/2013,41585,41020,565,1,
hm031115qcr,WSK235/TM309,0.737,16.23888106,9.958374536,44.54715734,-16.17065368,TM309,2,M,14/03/2014,41712,41020,692,1,
hm022615qc,WSK009/TM312,0.467,16.59284488,10.34669899,45.40447091,-17.72909024,TM312,2,M,07/09/2013,41524,41020,504,1,
hm022615qc,WSK104/TM312,0.428,16.26845735,10.96467838,44.86955035,-18.04711213,TM312,2,M,07/11/2013,41585,41020,565,1,
cs021216rlc.xlsx,WSK428_TM312,0.7716,16.13860686,10.07174945,44.00430878,-17.69599876,TM312,2,M,05/09/2014,41887,41020,867,1,
hm022615qc,WSK102/TM317,0.581,15.74701269,10.31849633,43.76437987,-17.83899349,TM317,2,M,07/11/2013,41585,41096,489,1,
hm031115qcr,WSK229/TM317,0.75,16.4136515,10.54304785,44.80908958,-16.88709779,TM317,2,M,14/03/2014,41712,41096,616,1,
hm022615qc,WSK167/TM323,0.29,17.37471794,10.88091865,48.20262049,-17.2614231,TM323,2,M,10/01/2014,41649,41096,553,1,
CS030416_rlc.xlsx,WSK424_TM323,0.6294,16.69491334,10.43272065,44.74768358,-17.26078546,TM323,2,M,05/09/2014,41887,41096,791,1,
hm022615qc,WSK099/TM335,0.378,18.09455426,10.83153783,48.21517799,-18.18618789,TM335,2,M,07/11/2013,41585,41300,285,1,
hm031115qcr,WSK228/TM335,0.633,15.94061344,10.32594507,44.42507186,-17.26032091,TM335,2,M,14/03/2014,41712,41300,412,1,
cs021616rlc.xlsx,WSK342_TM335,0.929,16.3684922,10.8411154,44.36076978,-16.71381871,TM335,2,M,08/07/2014,41828,41300,528,1,
hm022615qc,WSK098/TM339,0.246,18.25897941,10.41409742,48.71355238,-18.94572863,TM339,2,M,07/11/2013,41585,41372,213,1,
hm022615qc,WSK083/TM362,0.411,16.50517379,11.15440541,45.3248292,-18.4013708,TM362,2,M,07/11/2013,41585,41545,40,1,
hm022415qc,WSK084/TM363,0.326,17.19432738,11.42511757,46.56513346,-18.22420323,TM363,2,M,07/11/2013,41585,41545,40,1,
hm031115qcr,WSK225/TM363,0.485,16.17756235,10.0809331,44.93220252,-17.87195374,TM363,2,M,14/03/2014,41712,41545,167,1,
cs021616rlc.xlsx,WSK345_TM363,0.6856,16.38670402,10.45060053,44.39005167,-16.97288761,TM363,2,M,08/07/2014,41828,41545,283,1,
CS021116rlc.xlsx,WSK846_TM363,0.4303,27.8517138,10.26380504,75.3756803,-16.24173767,TM363,2,M,21/01/2015,42025,41545,480,1,
hm022415qc,WSK066/TM367,0.362,16.97556672,11.4147839,45.89672376,-17.65436129,TM367,2,M,10/01/2014,41649,41612,37,1,
CS021116rlc.xlsx,WSK419_TM373,0.6028,16.55112632,10.42514464,45.07841569,-17.42389268,TM373,2,M,05/09/2014,41887,41845,42,1,
cs021216rlc.xlsx,WSK847_TM373,1.6059,16.69531406,10.15856608,44.53571422,-17.24179228,TM373,2,M,21/01/2015,42025,41845,180,1,
CS030416_rlc.xlsx,WSK423_TM375,0.5174,16.60576586,10.75080264,44.72784631,-17.7885366,TM375,2,M,05/09/2014,41887,41845,42,1,
CS030416_rlc.xlsx,WSK427_TM378,0.5477,16.68229078,10.85053417,43.98429214,-17.87792924,TM378,2,M,05/09/2014,41887,41845,42,1,
CS030416_rlc.xlsx,WSK851_TM379,1.2477,16.51621159,10.42892252,42.92455394,-17.58316853,TM379,2,M,21/01/2015,42025,41845,180,1,
CS030416_rlc.xlsx,WSK478_TM386,0.6315,15.50666414,10.9947496,43.74994235,-17.40062477,TM386,2,M,10/11/2014,41953,41917,36,1,
CS030416_rlc.xlsx,WSK479_TM387,0.7903,15.75953637,10.90435427,43.37858983,-17.40047414,TM387,2,M,10/11/2014,41953,41917,36,1,
cs021216rlc.xlsx,WSK480_TM388,0.6196,16.05886898,10.55853018,44.74077103,-17.61719741,TM388,2,M,10/11/2014,41953,41917,36,1,
cs021216rlc.xlsx,WSK850_TM388,0.4405,17.04260211,10.5941936,46.527574,-18.35040539,TM388,2,M,21/01/2015,42025,41917,108,1,
CS030416_rlc.xlsx,WSK481_TM389,0.6364,16.19865691,10.81489197,44.15079922,-17.47378724,TM389,2,M,10/11/2014,41953,41917,36,1,
CS030416_rlc.xlsx,WSK482_TM390,0.5879,16.15390061,10.90673999,44.12906174,-17.44479168,TM390,2,M,10/11/2014,41953,41917,36,1,
CS030416_rlc.xlsx,WSK483_TM391,0.9497,15.97625741,11.21628964,43.71701386,-17.0744042,TM391,2,M,10/11/2014,41953,41917,36,1,
CS030416_rlc.xlsx,WSK484_TM392,1.4977,15.00998302,10.93177542,41.77643383,-17.57891607,TM392,2,M,10/11/2014,41953,41917,36,1,
cs021616rlc.xlsx,WSK489_TM397,0.3664,16.52050811,10.88186263,45.98727199,-17.5821419,TM397,2,M,19/11/2014,41962,41917,45,1,
cs031816_rlc.xlsx,WSK895_TM426,0.7352,16.41138879,11.51747173,44.76503526,-17.78533547,TM426,2,M,10/04/2015,42104,42066,38,1,
CS021116rlc.xlsx,WSK896_TM427,0.6861,16.99401942,11.57410059,45.4577121,-17.77570817,TM427,2,M,10/04/2015,42104,42066,38,1,
cs021616rlc.xlsx,WSK989_TM427,0.6184,16.94075831,10.58626951,46.43019414,-18.46307661,TM427,2,M,22/06/2015,42177,42066,111,1,
CS021116rlc.xlsx,WSK993_TM428,0.7642,16.32684224,10.79489657,45.65697302,-17.60996587,TM428,2,M,22/06/2015,42177,42136,41,1,
CS030416_rlc.xlsx,WSK994_TM429,1.0659,15.34625046,10.92291468,42.16303507,-17.68690163,TM429,2,M,22/06/2015,42177,42136,41,1,
CS030416_rlc.xlsx,WSK995_TM430,0.8951,15.97506348,10.96791649,42.96445798,-17.55259835,TM430,2,M,22/06/2015,42177,42136,41,1,
CS030416_rlc.xlsx,WSK1046_TM430,1.6612,15.84430856,10.63163877,41.83713962,-17.99048556,TM430,2,M,27/08/2015,42243,42136,107,1,
CS030416_rlc.xlsx,WSK1055_TM430,0.8583,15.77346369,10.46189976,43.01987859,-18.51044638,TM430,2,M,31/08/2015,42247,42136,111,1,
CS030416_rlc.xlsx,WSK996_TM431,0.6802,15.7417392,10.98961766,43.59909525,-17.4489137,TM431,2,M,22/06/2015,42177,42136,41,1,
CS030416_rlc.xlsx,WSK1033_TM431,0.9464,15.83249133,10.54378879,43.49468409,-18.80361728,TM431,2,M,12/08/2015,42228,42136,92,1,
CS030416_rlc.xlsx,WSK999_TM434,0.9214,15.38199651,11.18258358,42.18862646,-17.69340021,TM434,2,M,22/06/2015,42177,42136,41,1,
CS030416_rlc.xlsx,WSK1039_TM434,0.5719,16.14407853,10.29621726,44.52337064,-18.6133518,TM434,2,M,18/08/2015,42234,42136,98,1,
CS030416_rlc.xlsx,WSK1001_TM436,1.186,16.05316927,10.94135459,42.65265767,-17.65788696,TM436,2,M,22/06/2015,42177,42136,41,1,
CS030416_rlc.xlsx,WSK1040_TM436,1.2821,16.15672566,10.6445088,43.09965681,-18.81220799,TM436,2,M,18/08/2015,42234,42136,98,1,
CS030416_rlc.xlsx,WSK1002_TM437,1.2486,15.66071316,11.27846404,42.54751695,-17.49535421,TM437,2,M,22/06/2015,42177,42136,41,1,
CS030416_rlc.xlsx,WSK1041_TM437,0.7927,16.1735288,9.666099452,44.01751638,-17.98768554,TM437,2,M,24/08/2015,42240,42136,104,1,
CS030416_rlc.xlsx,WSK1003_TM438,1.4075,15.10178814,11.01589076,41.26979758,-17.71239842,TM438,2,M,22/06/2015,42177,42136,41,1,
CS030416_rlc.xlsx,WSK1004_TM439,0.9566,15.07287529,10.95780672,42.20547521,-17.57250001,TM439,2,M,22/06/2015,42177,42136,41,1,
CS030416_rlc.xlsx,WSK1042_TM439,1.1064,16.28928012,10.33947685,43.23968188,-18.87090928,TM439,2,M,25/08/2015,42241,42136,105,1,
cs031816_rlc.xlsx,WSK1096_TM449,0.7057,16.40201199,10.9251605,44.82431196,-17.65170619,TM449,2,M,26/10/2015,42303,42282,21,1,
hm022615qc,WSK014/VF139,0.62,16.99904549,10.46685093,44.23213139,-20.02104099,VF139,21,F,16/09/2013,41533,41505,28,0,
cs021616rlc.xlsx,WSK888_VF139,0.6684,16.13628588,10.34091498,44.08013798,-19.03989214,VF139,21,F,09/02/2014,41679,41505,174,0,
hm031115qcr,WSK207/VF139,0.754,16.91645095,10.75310538,44.84635101,-19.62803438,VF139,21,F,19/02/2014,41689,41505,184,0,
hm031115qcr,WSK290/VF139,0.765,16.43240762,9.835305744,44.37381708,-18.91120422,VF139,21,F,26/05/2014,41785,41505,280,0,
CS031716_rlc.xlsx,WSK1049_VF139,1.1535,16.32756975,10.50699183,44.1202718,-18.42401024,VF139,21,F,27/08/2015,42243,41505,738,0,
hm031115qcr,WSK206/VF140,0.593,16.58236906,10.54027968,44.87072025,-19.62126903,VF140,21,F,19/02/2014,41689,41505,184,0,
hm031115qcr,WSK288/VF140,0.688,16.18506449,9.405182473,43.91557955,-19.2211552,VF140,21,F,26/05/2014,41785,41505,280,0,
CS031716_rlc.xlsx,WSK861_VF140,1.3362,16.47932226,10.786341,43.83580078,-18.67413015,VF140,21,F,28/01/2015,42032,41505,527,0,
CS031716_rlc.xlsx,WSK1051_VF140,1.1513,16.19936862,10.38089047,43.79960787,-18.58905682,VF140,21,F,27/08/2015,42243,41505,738,0,
hm022615qc,WSK016/VF141,0.217,17.70182318,9.848198321,47.04754285,-19.63190856,VF141,21,F,16/09/2013,41533,41505,28,0,
hm022415qc,WSK156/VF141,0.306,17.97965411,10.57172281,48.24694361,-19.87751217,VF141,21,F,17/12/2013,41625,41505,120,0,
hm031115qcr,WSK200/VF141,0.275,16.80014148,11.04158532,45.67834667,-19.36212752,VF141,21,F,19/02/2014,41689,41505,184,0,
hm022615qc,WSK017/VF142,0.306,18.05083214,10.48178098,46.74520119,-19.65122305,VF142,21,F,16/09/2013,41533,41505,28,0,
hm031115qcr,WSK202/VF142,0.358,17.18929458,11.07529396,47.13647501,-19.67815737,VF142,21,F,19/02/2014,41689,41505,184,0,
hm031115qcr,WSK289/VF142,0.5,16.52424092,9.585596519,45.17257261,-18.73102692,VF142,21,F,26/05/2014,41785,41505,280,0,
hm022615qc,WSK018/VF143,0.144,16.82818694,9.632071947,42.25814055,-19.91125718,VF143,21,F,16/09/2013,41533,41505,28,0,
hm031115qcr,WSK208/VF143,0.674,16.80826957,10.72590607,45.7819471,-19.74355659,VF143,21,F,19/02/2014,41689,41505,184,0,
hm031115qcr,WSK287/VF143,0.659,16.35644932,9.594594794,44.6643061,-19.05993568,VF143,21,F,26/05/2014,41785,41505,280,0,
cs031816_rlc.xlsx,WSK321_VF151,0.5684,15.47166386,10.41480364,44.60568652,-20.14078437,VF151,21,F,24/06/2014,41814,41764,50,1,
CS031716_rlc.xlsx,WSK322_VF152,0.8101,16.58058688,10.47323853,45.2648544,-19.67686589,VF152,24,F,24/06/2014,41814,41764,50,1,
CS031716_rlc.xlsx,WSK859_VF152,1.4277,16.58485933,11.20727293,43.89027136,-19.26897492,VF152,24,F,28/01/2015,42032,41764,268,1,
CS031716_rlc.xlsx,WSK1048_VF152,1.3862,16.57636858,10.73393903,44.05676464,-18.83429815,VF152,24,F,27/08/2015,42243,41764,479,1,
CS031716_rlc.xlsx,WSK322_VF153,0.6,16.716048,10.46347694,45.97866601,-19.97076876,VF153,21,F,24/06/2014,41814,41764,50,1,
CS031716_rlc.xlsx,WSK858_VF153,0.6869,16.65371162,10.96655872,45.0940886,-19.20611607,VF153,21,F,28/01/2015,42032,41764,268,1,
CS031716_rlc.xlsx,WSK917_VF153,1.4819,16.70277497,10.72426179,44.05100379,-19.17396288,VF153,21,F,28/05/2015,42152,41764,388,1,
cs031816_rlc.xlsx,WSK323_VF154,0.6193,15.87794733,10.31867759,43.97941749,-19.84572575,VF154,21,F,24/06/2014,41814,41764,50,1,
CS031716_rlc.xlsx,WSK325_VF156,0.5949,16.19147253,10.36908631,45.13945573,-19.75391172,VF156,24,F,24/06/2014,41814,41764,50,1,
CS031716_rlc.xlsx,WSK860_VF156,1.243,16.08392906,10.90701184,43.20730602,-19.11044998,VF156,24,F,28/01/2015,42032,41764,268,1,
CS021116rlc.xlsx,WSK916_VF156,0.7474,16.24039459,10.37855917,44.4961367,-19.38550764,VF156,24,F,28/04/2015,42122,41764,358,1,
HM031015qc,WSK013/VM096,0.404,14.97284031,10.19525453,42.46249084,-18.34822405,VM096,21,M,16/09/2013,41533,39730,1803,1,
HM031015qc,WSK155/VM096,0.452,15.36974021,10.451201,42.65154829,-18.61212289,VM096,21,M,17/12/2013,41625,39730,1895,1,
hm031115qcr,WSK201/VM096,0.409,16.70569038,10.48833782,45.95583436,-18.65990431,VM096,21,M,19/02/2014,41689,39730,1959,1,
cs021616rlc.xlsx,WSK285_VM096,0.1685,13.27744396,8.050135431,39.59676066,-19.07112702,VM096,21,M,26/05/2014,41785,39730,2055,1,
HM031015qc,WSK285/VM096,0.585,16.02073161,9.09172706,44.5900345,-18.32114721,VM096,21,M,26/05/2014,41785,39730,2055,1,
hm022615qc,WSK186/VM107,0.865,17.48596453,12.15978479,47.61152493,-18.78376315,VM107,14A,M,29/01/2014,41668,40022,1646,1,
hm022415qc,WSK123/VM123,0.314,19.11840478,10.71710258,51.60464572,-19.03996821,VM123,21,M,17/12/2013,41625,40483,1142,1,
hm031115qcr,WSK205/VM123,0.305,16.26580985,10.33192373,45.03448228,-18.83269317,VM123,21,M,19/02/2014,41689,40483,1206,1,
hm022415qc,WSK158/VM135,0.387,17.9386504,10.56041683,49.25769237,-19.33033096,VM135,21,M,17/12/2013,41625,41197,428,1,
hm031115qcr,WSK204/VM135,0.827,15.76026724,10.59741387,43.56271743,-19.15141586,VM135,21,M,19/02/2014,41689,41197,492,1,
hm031115qcr,WSK286/VM135,0.851,16.262046,9.805094897,43.79215822,-18.45949088,VM135,21,M,26/05/2014,41785,41197,588,1,
hm022415qc,WSK157/VM136,0.196,18.35417276,10.10230369,49.47877621,-19.40928631,VM136,21,M,17/12/2013,41625,41197,428,1,
hm031115qcr,WSK203/VM136,0.591,17.27533611,10.736274,46.56055517,-18.76100528,VM136,21,M,19/02/2014,41689,41197,492,1,
hm031115qcr,WSK291/VM136,0.657,16.16391507,9.631481717,44.44679232,-18.91510472,VM136,21,M,26/05/2014,41785,41197,588,1,
CS031716_rlc.xlsx,WSK863_VM136,1.2804,16.92896625,10.74764461,44.58165904,-18.38089098,VM136,21,M,28/01/2015,42032,41197,835,1,
hm022415qc,WSK160/VM146,0.669,13.76991479,10.64639779,48.37752596,-20.44589118,VM146,21,M,17/12/2013,41625,41568,57,1,
hm031115qcr,WSK199/VM150,0.318,17.12817117,11.99989923,47.18431582,-19.60131425,VM150,21,M,19/02/2014,41689,41631,58,1,
cs031816_rlc.xlsx,WSK324_VM155,0.5598,15.91862405,10.97525624,44.70641276,-19.7055705,VM155,21,M,24/06/2014,41814,41764,50,1,
cs031816_rlc.xlsx,WSK889_VM164,0.5256,17.0812271,11.79627854,48.07810391,-19.30129248,VM164,21,M,10/02/2015,42045,42001,44,1,
cs021616rlc.xlsx,WSK890_VM165,0.497,14.9064982,10.93368895,40.56524499,-19.14640792,VM165,21,M,10/02/2015,42045,42001,44,1,
hm022615qc,WSK170/XF001,0.595,17.91830971,11.26503394,47.72170119,-19.07582257,XF001,14B,F,13/01/2014,41652,41652,0,0,
hm022615qc,WSK173/XF004,0.647,17.41377888,10.60821032,47.63902126,-19.16148807,XF004,14B,F,13/01/2014,41652,41652,0,0,
cs031816_rlc.xlsx,WSK936_XF004,1.0333,16.63893962,9.326490453,44.90750588,-18.4891628,XF004,14B,F,06/05/2015,42130,41652,478,0,
hm022415qc,WSK174/XF005,0.928,16.41100688,10.76828048,44.91665763,-19.07637958,XF005,14B,F,13/01/2014,41652,41652,0,0,
cs031816_rlc.xlsx,WSK865_XF005,1.058,16.66358913,10.75693316,43.76332157,-19.23842185,XF005,14B,F,29/01/2015,42033,41652,381,0,
hm022415qc,WSK177/XF008,0.763,16.65541571,9.99270346,45.28525984,-19.3433156,XF008,14B,F,13/01/2014,41652,41652,0,0,
cs031816_rlc.xlsx,WSK870_XF008,0.3873,17.30187,10.74547397,45.73937025,-19.25184565,XF008,14B,F,29/01/2015,42033,41652,381,0,
hm022415qc,WSK179/XF010,0.631,15.58975144,10.14108367,45.18329511,-19.98053395,XF010,14B,F,13/01/2014,41652,41652,0,0,
cs031816_rlc.xlsx,WSK882_XF010,0.8558,16.97983663,10.74911917,44.8598438,-19.3496131,XF010,14B,F,29/01/2015,42033,41652,381,0,
hm022415qc,WSK180/XF011,0.468,17.03894333,10.6706948,46.03904754,-20.04264063,XF011,14B,F,13/01/2014,41652,41652,0,0,
hm022415qc,WSK181/XF012,0.618,16.81661276,10.80235405,46.30629316,-19.94188929,XF012,14B,F,13/01/2014,41652,41652,0,0,
cs031816_rlc.xlsx,WSK872_XF012,0.4935,15.59614083,10.74107752,43.28986884,-19.51557507,XF012,14B,F,29/01/2015,42033,41652,381,0,
hm031115qcr,WSK244/XF014,0.525,16.0255147,9.05288551,44.96770706,-18.57373857,XF014,19,F,24/04/2014,41753,41753,0,0,
cs031816_rlc.xlsx,WSK1016_XF014,0.4606,15.9643816,10.4243365,43.65309192,-19.9752238,XF014,19,F,25/06/2015,42180,41753,427,0,
cs031816_rlc.xlsx,WSK316_XF015,0.2663,16.76637936,10.09708139,46.98476511,-19.69515363,XF015,19,F,19/06/2014,41809,41809,0,0,
cs031816_rlc.xlsx,WSK1014_XF015,0.8704,16.91241733,10.32489832,45.38190789,-19.37058751,XF015,19,F,25/06/2015,42180,41809,371,0,
cs031816_rlc.xlsx,WSK326_XF016,0.5834,16.87642279,9.968477755,46.14853817,-19.95483682,XF016,19,F,26/06/2014,41816,41733,83,1,
cs031816_rlc.xlsx,WSK365_XF020,0.7719,17.71877092,10.62276477,47.52395566,-19.47943998,XF020,19,F,16/07/2014,41836,41806,30,1,
cs021616rlc.xlsx,WSK885_XF020,0.4256,16.40325737,10.73180872,44.71135061,-19.84052079,XF020,19,F,29/01/2015,42033,41806,227,1,
CS021116rlc.xlsx,WSK921_XF020,0.9617,16.44909835,9.212117596,43.89038834,-19.00393819,XF020,19,F,29/04/2015,42123,41806,317,1,
cs031816_rlc.xlsx,WSK367_XF022,0.7927,17.53602252,10.56349329,47.58422162,-19.49912247,XF022,19,F,16/07/2014,41836,41806,30,1,
cs031816_rlc.xlsx,WSK471_XF026,0.7792,16.34360007,10.63518111,44.16565908,-19.54517317,XF026,19,F,16/07/2014,41836,41806,30,1,
CS031716_rlc.xlsx,WSK867_XF026,1.0888,16.14132477,10.81706698,42.94355819,-19.25457524,XF026,19,F,29/01/2015,42033,41806,227,1,
CS021116rlc.xlsx,WSK924_XF026,0.9051,16.3735513,9.81620028,43.92027543,-18.97958026,XF026,19,F,29/04/2015,42123,41806,317,1,
cs021616rlc.xlsx,WSK1006_XF030,0.5404,14.03200271,9.971774005,41.88172934,-19.48430374,XF030,19,F,25/06/2015,42180,42121,59,1,
CS021116rlc.xlsx,WSK1007_XF031,0.6415,16.14052348,9.842837276,45.2851072,-19.75681128,XF031,19,F,25/06/2015,42180,42121,59,1,
cs021616rlc.xlsx,WSK1010_XF034,0.5577,13.78010589,9.572067323,41.07933198,-20.0942252,XF034,19,F,25/06/2015,42180,42121,59,1,
cs021616rlc.xlsx,WSK1011_XF035,0.7913,12.1342175,9.536827497,39.01590537,-19.79693896,XF035,19,F,25/06/2015,42180,42121,59,1,
cs031816_rlc.xlsx,WSK1115_XF035,1.5129,16.6940817,11.2615001,44.04743952,-19.70489552,XF035,19,F,18/09/2015,42265,42121,144,1,
hm022615qc,WSK171/XM002,0.254,17.46375056,11.07434651,47.93489238,-19.17233555,XM002,14B,M,13/01/2014,41652,41652,0,0,
hm022615qc,WSK172/XM003,0.511,17.10094913,10.51288201,47.32378205,-19.0734167,XM003,14B,M,13/01/2014,41652,41652,0,0,
cs031816_rlc.xlsx,WSK364_XM003,1.0599,16.83464413,10.43167242,44.78888803,-18.76013841,XM003,14B,M,16/07/2014,41836,41652,184,0,
hm022415qc,WSK175/XM006,0.511,16.45826413,10.54735908,45.39262411,-19.21317874,XM006,14B,M,13/01/2014,41652,41652,0,0,
cs031816_rlc.xlsx,WSK876_XM006,0.9543,16.00912373,10.3450495,43.4736716,-17.93301118,XM006,14B,M,29/01/2015,42033,41652,381,0,
cs031816_rlc.xlsx,WSK920_XM006,1.7661,17.11086282,9.559350311,45.07562172,-17.72558874,XM006,14B,M,29/04/2015,42123,41652,471,0,
hm022415qc,WSK176/XM007,0.937,16.34190696,10.02032261,45.78705546,-19.47823168,XM007,14B,M,13/01/2014,41652,41652,0,0,
cs031816_rlc.xlsx,WSK878_XM007,0.9775,16.72668024,10.8277025,44.75411912,-18.71292348,XM007,14B,M,29/01/2015,42033,41652,381,0,
cs031816_rlc.xlsx,WSK919_XM007,0.9605,15.63669276,9.629089996,42.28092621,-18.55519319,XM007,14B,M,29/04/2015,42123,41652,471,0,
hm022615qc,WSK178/XM009,0.794,16.94857264,10.70109365,46.44494643,-19.23557708,XM009,14B,M,13/01/2014,41652,41652,0,0,
cs031816_rlc.xlsx,WSK1017_XM009,1.719,16.92161418,10.43121801,44.06945986,-19.20834082,XM009,14B,M,25/06/2015,42180,41652,528,0,
hm022415qc,WSK182/XM013,0.475,16.2751935,10.65496345,45.93346092,-20.14899331,XM013,14B,M,13/01/2014,41652,41652,0,0,
cs031816_rlc.xlsx,WSK327_XM017,0.5508,16.64874944,9.863531561,45.87224282,-20.12794608,XM017,19,M,26/06/2014,41816,41733,83,1,
cs031816_rlc.xlsx,WSK1015_XM017,1.0432,16.70362059,10.3400783,44.50502423,-19.78730241,XM017,19,M,25/06/2015,42180,41733,447,1,
cs031816_rlc.xlsx,WSK328_XM018,0.6874,16.66995212,10.20579663,45.94186065,-19.78479978,XM018,19,M,26/06/2014,41816,41733,83,1,
cs031816_rlc.xlsx,WSK871_XM018,0.5659,14.75207375,10.28227729,42.16246371,-19.29659862,XM018,19,M,29/01/2015,42033,41733,300,1,
cs031816_rlc.xlsx,WSK918_XM018,0.8061,16.08850744,9.581609794,44.00830727,-18.6183862,XM018,19,M,29/04/2015,42123,41733,390,1,
cs031816_rlc.xlsx,WSK366_XM021,0.5239,16.57929973,10.85730621,45.34742756,-19.59566118,XM021,19,M,16/07/2014,41836,41806,30,1,
cs031816_rlc.xlsx,WSK874_XM021,0.2884,14.78818386,9.625680581,43.56904044,-19.50437867,XM021,19,M,29/01/2015,42033,41806,227,1,
cs031816_rlc.xlsx,WSK923_XM021,1.2278,15.99184482,9.381072555,43.39166707,-18.69710692,XM021,19,M,29/04/2015,42123,41806,317,1,
cs031816_rlc.xlsx,WSK1115_XM021,1.2708,15.97675322,11.21779617,42.85664562,-19.00381677,XM021,19,M,18/09/2015,42265,41806,459,1,
cs031816_rlc.xlsx,WSK368_XM023,0.4699,17.57556884,10.68936904,48.08600907,-19.49013087,XM023,19,M,16/07/2014,41836,41806,30,1,
cs031816_rlc.xlsx,WSK866_XM023,1.2037,16.68825547,10.73954165,44.63901455,-18.98660835,XM023,19,M,29/01/2015,42033,41806,227,1,
CS021116rlc.xlsx,WSK926_XM023,0.5722,16.52886947,9.179327991,45.34836634,-19.22615447,XM023,19,M,29/04/2015,42123,41806,317,1,
cs031816_rlc.xlsx,WSK369_XM024,0.8468,17.10359789,10.56439125,45.88124543,-19.3475488,XM024,19,M,16/07/2014,41836,41806,30,1,
cs031816_rlc.xlsx,WSK869_XM024,0.8603,15.14574523,10.43391854,42.04699589,-19.30589477,XM024,19,M,29/01/2015,42033,41806,227,1,
CS021116rlc.xlsx,WSK922_XM024,0.4725,16.29477624,9.099203041,45.78794675,-19.04794047,XM024,19,M,29/04/2015,42123,41806,317,1,
cs031816_rlc.xlsx,WSK1116_XM024,1.8333,16.84670839,11.44334178,44.39669927,-19.18894215,XM024,19,M,18/09/2015,42265,41806,459,1,
cs031816_rlc.xlsx,WSK370_XM025,0.7491,16.82016959,10.57441384,45.11001792,-19.50084309,XM025,19,M,16/07/2014,41836,41806,30,1,
cs031816_rlc.xlsx,WSK883_XM025,1.2661,16.38308688,10.7175565,43.21553312,-19.04788433,XM025,19,M,29/01/2015,42033,41806,227,1,
CS021116rlc.xlsx,WSK925_XM025,0.8198,16.62110711,9.584975806,44.67113177,-19.10737219,XM025,19,M,29/04/2015,42123,41806,317,1,
cs031816_rlc.xlsx,WSK1111_XM025,1.1903,16.75694409,11.37570354,44.25515056,-18.59812105,XM025,19,M,18/09/2015,42265,41806,459,1,
cs021616rlc.xlsx,WSK886_XM029,0.494,16.2974143,11.05840898,44.07504592,-19.26662266,XM029,19,M,29/01/2015,42033,41995,38,1,
cs021616rlc.xlsx,WSK1008_XM032,0.5457,18.48089571,9.788129496,53.29982895,-19.67587714,XM032,19,M,25/06/2015,42180,42121,59,1,
cs021616rlc.xlsx,WSK1009_XM033,0.5258,16.19126232,9.882244498,43.88436254,-19.10354629,XM033,19,M,25/06/2015,42180,42121,59,1,
cs021616rlc.xlsx,WSK1012_XM036,0.6168,12.85816525,9.832543927,42.25730237,-19.6615848,XM036,19,M,25/06/2015,42180,42121,59,1,
cs031816_rlc.xlsx,WSK1013_XM037,0.4814,14.36816973,9.922450574,39.61624727,-19.31545509,XM037,19,M,25/06/2015,42180,42121,59,1,
hm022615qc,WSK185/YF011,0.547,17.65791438,11.91426433,48.15768344,-18.91119884,YF011,14A,F,29/01/2014,41668,39106,2562,0,
hm022415qc,WSK188/YF097,0.565,17.00681953,12.14664303,46.26145689,-19.46468034,YF097,14A,F,29/01/2014,41668,40498,1170,1,
hm022415qc,WSK183/YM024,0.666,16.66382486,10.40751819,45.14255963,-18.60291061,YM024,14B,M,13/01/2014,41652,39204,2448,1,
CS031716_rlc.xlsx,WSK363_YM024,1.1878,16.65567546,10.04247904,44.16983293,-18.5893688,YM024,14B,M,16/07/2014,41836,39204,2632,1,
CS031716_rlc.xlsx,WSK864_YM024,0.3844,16.79301882,10.42766434,45.39104483,-18.57667624,YM024,14B,M,29/01/2015,42033,39204,2829,1,
CS031716_rlc.xlsx,WSK937_YM024,1.3449,16.12717306,9.13647905,43.08082823,-18.18423854,YM024,14B,M,06/05/2015,42130,39204,2926,1,
hm022415qc,WSK184/YM031,0.509,16.85383232,10.46312002,45.83670585,-18.88764983,YM031,14B,M,13/01/2014,41652,39258,2394,1,
CS031716_rlc.xlsx,WSK935_YM031,1.3074,16.23287545,9.368100176,43.17673717,-18.31912656,YM031,14B,M,06/05/2015,42130,39258,2872,1,
